fecha,store_id,product_id,stock_cierre,stock_reservado,stock_en_transito,stock_minimo,fuente,comentarios
2025-09-01 03:05:24,S001,P1043,14.0,1.0,0.0,2,ERP,
2025-09-01,S001,P1061,11.0,2.0,0.0,5,ERP,
2025-09-01,S002,p1005,60.0,1.0,0.0,7,ERP,
2025-09-01,S002,P1008,33.0,0.0,1.0,5,ERP,
2025-09-01,S002,P1009,67.0,2.0,0.0,1,ERP,
2025-09-01,S002,P1016,16.0,1.0,1.0,4,ERP,
2025-09-01,S002,P1035,52.0,2.0,1.0,6,ERP,
2025-09-01,S002,P1037,25.0,2.0,3.0,1,ERP,
2025-09-01,S002,P1055,,1.0,0.0,10,ERP,
2025-09-01,S002,P1062,18.0,2.0,0.0,8,ERP,
2025-09-01,S002,P1075,26.0,1.0,1.0,0,ERP,
2025-09-01,S002,P1088,71.0,1.0,1.0,8,ERP,
2025-09-01,S003,P1069,0.0,0.0,0.0,2,ERP,
2025-09-01,S003,P1095,18.0,1.0,1.0,0,ERP,
01/09/2025,S004,P1072,32.0,1.0,1.0,4,ERP,
2025-09-01,S004,P1076,55.0,0.0,1.0,10,ERP,
2025-09-01,S004,P1088,29.0,1.0,1.0,6,ERP,
2025-09-01,S5,P1002,44.0,1.0,0.0,6,ERP,
2025-09-01,S005,P1028,-2.0,2.0,1.0,1,ERP,
2025-09-01,S005,P1085,22.0,1.0,2.0,0,ERP,
2025-09-01,S005,P1030,14.0,,1.0,4,ERP,
2025-09-01,ONLINE,P1003,119.0,2.0,1.0,10,ERP,
2025-09-01,ONLINE,P1020,62.0,1.0,0.0,8,ERP,
2025-09-01,ONLINE,P1030,16.0,1.0,1.0,1,ERP,
2025-09-01,ONLINE,P1034,107.0,1.0,1.0,1,ERP,
2025-09-01,ONLINE,P1037,29.0,0.0,0.0,8,ERP,
2025-09-01,ONLINE,P1044,56.0,0.0,1.0,9,ERP,
2025-09-01,ONLINE,P1047,40.0,1.0,0.0,2,ERP,
2025-09-01,ONLINE,P1072,9.0,2.0,1.0,0,ERP,
2025-09-01,ONLINE,P1074,24.0,1.0,1.0,6,ERP,
2025-09-01,ONLINE,P1075,72.0,1.0,3.0,6,ERP,
2025-09-02,S001,P1004,61.0,2.0,0.0,0,ERP,
2025/09/02,S001,P1017,21.0,2.0,1.0,1,ERP,
2025-09-02,S001,P1073,23.0,2.0,1.0,7,ERP,
2025-09-02,S001,P1085,1.0,0.0,1.0,3,ERP,
2025-09-02,S002,P1030,3.0,1.0,1.0,3,ERP,
2025-09-02,S002,P1073,11.0,1.0,1.0,6,ERP,
2025-09-02,S002,P1088,67.0,1.0,0.0,10,ERP,
2025-09-02,S003,P1006,17.0,,2.0,8,ERP,
2025-09-02,S003,P1036,55.0,0.0,,8,ERP,
02/09/2025,S003,P1060,5.0,1.0,1.0,3,ERP,
02/09/2025,S003,P1066,20.0,2.0,0.0,2,ERP,
2025-09-02,S004,P1015,34.0,1.0,0.0,0,ERP,
2025-09-02,S004,P1036,34.0,0.0,0.0,10,ERP,
2025-09-02,S004,P1053,2.0,0.0,2.0,4,ERP,
2025-09-02,S004,P1078,19.0,3.0,1.0,5,ERP,
02/09/2025,S004,P1097,10.0,1.0,2.0,2,ERP,
02/09/25,S004,P1098,19.0,1.0,0.0,7,ERP,
2025-09-02,S005,P1001,13.0,0.0,0.0,5,ERP,
2025-09-02,S005,P1009,70.0,0.0,1.0,10,ERP,
2025-09-02,S005,P1042,69.0,1.0,2.0,3,ERP,
2025-09-02,S005,P1060,51.0,2.0,0.0,6,ERP,
2025-09-02,ONLINE,P1014,29.0,1.0,1.0,9,ERP,
02/09/25,ONLINE,P1024,49.0,1.0,0.0,10,ERP,
2 de septiembre de 2025,ONLINE,P1025,66.0,2.0,0.0,4,ERP,
2025-09-02,ONLINE,P1053,0.0,0.0,2.0,5,ERP,
02/09/2025,ONLINE,P1071,,0.0,2.0,2,ERP,
2025-09-02,ONLINE,P1082,34.0,0.0,1.0,2,ERP,
2025-09-02,ONLINE,P1087,38.0,0.0,0.0,10,ERP,
2025-09-03,S001,P1018,71.0,0.0,0.0,5,ERP,
2025-09-03,S001,P1035,41.0,0.0,0.0,7,ERP,
2025-09-03,S001,P1046,6.0,4.0,0.0,5,ERP,
2025-09-03,S001,P1050,15.0,0.0,1.0,3,ERP,
2025-09-03,S001,P1094,26 uds,0.0,0.0,1,ERP,
2025-09-03,S002,P1016,14.0,1.0,1.0,3,ERP,
3 de septiembre de 2025,S002,SKU-1019,52.0,1.0,0.0,1,ERP,
03/09/2025,S002,P1062,21.0,1.0,1.0,3,ERP,
2025-09-03,S002,P1075,24.0,2.0,2.0,3,ERP,
2025-09-03,S002,P1095,25.0,0.0,0.0,4,ERP,
2025-09-03,S003,P1064,6.0,0.0,0.0,0,ERP,
2025-09-03,S003,P1091,12.0,0.0,0.0,8,ERP,
2025-09-03,S004,p1006,65.0,0.0,1.0,10,ERP,
2025-09-03,S004,P1029,0.128,0.0,0.0,3,ERP,
2025-09-03,S004,P1034,75.0,3.0,0.0,5,ERP,
2025-09-03,S004,P1044,37.0,2.0,1.0,9,ERP,
2025-09-03,S004,P1054,15.0,1.0,1.0,9,ERP,
2025-09-03,S004,P1073,25.0,1.0,0.0,1,ERP,
2025-09-03,S004,P1088,32.0,0.0,1.0,2,ERP,
2025-09-03,S005,SKU-1019,18.0,3.0,1.0,3,ERP,
2025-09-03,S005,P1050,3.0,0.0,0.0,1,ERP,
2025-09-03,S005,P1059,19.0,0.0,3.0,2,ERP,
2025-09-03,S005,P1089,0.0,0.0,1.0,9,ERP,
2025-09-03,ONLINE,P1007,34.0,3.0,0.0,2,ERP,
2025-09-03,ONLINE,P1020,63.0,1.0,0.0,8,ERP,
2025-09-03,ONLINE,P1050,38.0,2.0,1.0,3,ERP,
2025-09-03,ONLINE,P1066,56.0,1.0,2.0,1,ERP,
2025-09-03,ONLINE,P1067,18.0,3.0,1.0,0,ERP,
2025-09-03,ONLINE,P1071,39.0,1.0,2.0,2,ERP,
03/09/25,ONLINE,P1077,58.0,0.0,0.0,7,ERP,
2025-09-03,ONLINE,P1078,28.0,2.0,0.0,3,ERP,
3 de septiembre de 2025,ONLINE,P1080,26.0,0.0,0.0,0,ERP,
2025-09-03,s001,P1095,61.0,0.0,2.0,2,ERP,
2025-09-04,S001,p1008,37.0,1.0,0.0,2,ERP,
2025-09-04,S001,P1018,70.0,0.0,2.0,8,ERP,
2025-09-04,S001,P1036,,1.0,0.0,9,ERP,
2025-09-04,S001,P1066,-2.0,0.0,0.0,3,ERP,
2025-09-04,S001,P1086,18.0,1.0,2.0,4,ERP,
2025-09-04,S001,P1094,28.0,1.0,2.0,9,ERP,
2025-09-04,S002,P1009 ,64.0,1.0,0.0,7,ERP,
2025-09-04,S002,P1035,55.0,0.0,3.0,4,ERP,
2025-09-04,S002,P1038,23.0,0.0,0.0,9,ERP,
2025-09-04,S002,P1061,35.0,1.0,0.0,7,ERP,
2025/09/04,S002,P1082,38.0,1.0,1.0,8,ERP,
2025/09/04,S003,P1059,22.0,2.0,0.0,3,ERP,
2025-09-04,S004,P1020,57.0,1.0,1.0,10,ERP,
2025-09-04,S004,P1056,33.0,0.0,0.0,5,ERP,
2025-09-04,S005,P1001,14.0,0.0,1.0,3,ERP,
2025-09-04,S005,P1003,60.0,1.0,2.0,8,ERP,
2025-09-04,S005,P1027,9.0,0.0,0.0,8,ERP,
2025-09-04,S005,P1034,16.0,0.0,0.0,4,ERP,
2025-09-04,S5,P1069,23.0,0.0,0.0,3,ERP,
2025-09-04,S005,P1071,18.0,2.0,0.0,1,ERP,
2025-09-04 16:55:38,S005,P1098,63.0,0.0,1.0,5,ERP,
2025-09-04,ONLINE,P1008,46.0,2.0,1.0,2,ERP,
2025-09-04,ONLINE, P1012,74.0,1.0,0.0,2,ERP,
2025-09-04,ONLINE,P1014,31.0,2.0,1.0,4,ERP,
2025-09-04,ONLINE,P1028,35.0,2.0,0.0,0,ERP,
2025-09-04,ONLINE,P1030,14.0,1.0,1.0,0,ERP,
2025-09-04 20:39:56,ONLINE,P1037,26.0,2.0,0.0,10,ERP,
2025-09-04,ONLINE,P1057,14.0,1.0,2.0,7,ERP,
2025-09-04,ONLINE,P1063,,0.0,0.0,2,ERP,
2025-09-04,ONLINE,P1082,34.0,1.0,2.0,9,ERP,
2025-09-05,S001,P1037,43.0,1.0,1.0,4,ERP,
2025-09-05,S002,P1025,31.0,0.0,0.0,6,ERP,
2025-09-05,S002,P1029,32.0,2.0,1.0,0,ERP,
2025-09-05,S002,P1036,25.0,2.0,1.0,1,ERP,
2025-09-05,S002,P1065,6.0,0.0,0.0,1,ERP,
2025-09-05,S002,P1085,0.0,0.0,0.0,3,ERP,
2025-09-05,S002,P1090,19.0,0.0,0.0,0,ERP,
2025-09-05,S002,P1094,32.0,0.0,1.0,0,ERP,
2025-09-05,S003,P1014,20.0,1.0,0.0,6,ERP,
2025-09-05,S003,P1041,23.0,2.0,1.0,5,ERP,
05/09/2025,S003,P1042,20.0,3.0,0.0,1,ERP,
05/09/2025,S003,P1050,11.0,0.0,0.0,2,ERP,
2025-09-05,S003,P1086,0.0,0.0,0.0,5,ERP,
2025-09-05,S004,P1020,56.0,3.0,0.0,5,ERP,
2025-09-05,S004,P1028,52.0,0.0,1.0,7,ERP,
2025-09-05,S004,P1058,16.0,1.0,0.0,9,ERP,
2025-09-05,S004,P1070,39.0,3.0,0.0,2,ERP,
2025-09-05,S005,P1034,11.0,0.0,0.0,3,ERP,
2025-09-05,S005,P1036,47.0,1.0,0.0,10,ERP,
2025-09-05,S005,P1049,38.0,2.0,0.0,2,ERP,
2025-09-05,S005,P1053,20.0,3.0,3.0,10,ERP,
2025-09-05,ONLINE,P1003,119.0,0.0,0.0,10,ERP,
2025-09-05,ONLINE, P1011,86.0,1.0,0.0,4,ERP,
2025-09-05,ONLINE,P1018,64.0,0.0,1.0,5,ERP,
2025-09-05,ONLINE,P1020,63.0,2.0,0.0,9,ERP,
2025-09-05,ONLINE,P1030,41.0,,1.0,0,ERP,
2025-09-05,ONLINE,P1034,-9.0,0.0,1.0,8,ERP,
2025-09-05,ONLINE,P1050,37.0,1.0,3.0,1,ERP,
05/09/25,ONLINE,P1055,76.0,2.0,0.0,10,ERP,
2025-09-05,ONLINE,P1060,48.0,0.0,1.0,3,ERP,
2025-09-05,ONLINE,P1068,61.0,0.0,1.0,0,ERP,
2025-09-05,ONLINE,P1078,32.0,1.0,2.0,0,ERP,
2025-09-05,ONLINE,P1084,55.0,2.0,1.0,6,ERP,
2025-09-05,ONLINE,P1095,60.0,1.0,0.0,0,ERP,
2025-09-06,S001,P1054,10.0,0.0,1.0,6,ERP,
2025-09-06,S001,P1055,14.0,0.0,3.0,4,ERP,
2025-09-06,S001,P1078,19.0,0.0,2.0,4,ERP,
2025-09-06,S002,P1014,45.0,1.0,0.0,6,ERP,
06/09/2025,S002,P1020,16.0,0.0,1.0,8,ERP,
2025-09-06,S002,P1027,67.0,2.0,1.0,4,ERP,
2025-09-06,S002,P1055,69.0,0.0,0.0,5,ERP,
2025-09-06,S002,P1060,5.0,1.0,1.0,6,ERP,
2025-09-06,S002,P1080,78.0,1.0,0.0,8,ERP,
2025-09-06,S003,P1047,20.0,0.0,0.0,0,ERP,
2025-09-06,S003,P1066,20.0,1.0,1.0,9,ERP,
2025-09-06,S003,P1072,93.0,1.0,1.0,3,ERP,
2025-09-06,S004,P1046,32.0,2.0,1.0,7,ERP,
2025-09-06,S004,P1076,55.0,1.0,1.0,2,ERP,
2025-09-06,S004,P1089,46.0,0.0,3.0,10,ERP,
2025-09-06,S004,P1092,19.0,0.0,0.0,1,ERP,
2025-09-06,S004,P1097,8.0,0.0,2.0,3,ERP,
2025-09-06,S005,P1032,21.0,0.0,1.0,0,ERP,
2025-09-06,S005,P1060,51.0,3.0,1.0,6,ERP,
2025-09-06,S005,P1061,57.0,4.0,1.0,1,ERP,
2025-09-06,S005,P1071,20.0,2.0,0.0,5,ERP,
2025-09-06,S005,P1075,40.0,1.0,1.0,10,ERP,
2025-09-06,S005,P1080,44.0,0.0,0.0,4,ERP,
2025-09-06,ONLINE,P1001,56.0,0.0,1.0,10,ERP,
2025-09-06,ONLINE,P1015,96.0,1.0,0.0,10,ERP,
6 de septiembre de 2025,ONLINE,P1040,35.0,0.0,0.0,9,ERP,
2025-09-06,ONLINE,P1073,29.0,0.0,0.0,10,ERP,
2025-09-06,ONLINE,P1079,116.0,4.0,1.0,9,ERP,
2025-09-06,ONLINE,P1090,25.0,1.0,0.0,2,ERP,
2025-09-07,S001,P1009,47.0,0.0,0.0,3,ERP,
2025-09-07,S001,P1021,36.0,1.0,0.0,9,ERP,
2025-09-07,S001,P1023,21.0,1.0,1.0,1,ERP,
2025-09-07,S001,P1036,31.0,2.0,1.0,1,ERP,
7 de septiembre de 2025,S001,P1048,16.0,1.0,0.0,3,ERP,
2025-09-07,S001,P1085,0.0,0.0,0.0,1,ERP,
2025-09-07,S001,P1089,52.0,1.0,0.0,9,ERP,
2025-09-07,S001,P1093,12 uds,1.0,1.0,2,ERP,
2025-09-07,S001,P1095,20.0,0.0,0.0,10,ERP,
2025-09-07,S002,P1004,18.0,2.0,0.0,0,ERP,
2025-09-07,S002,P1007,40.0,0.0,1.0,0,ERP,
2025-09-07,S002,P1027,67.0,1.0,0.0,6,ERP,
2025/09/07,S002,P1037,22.0,3.0,0.0,0,ERP,
2025-09-07,S002,P1049,36.0,0.0,1.0,7,ERP,
2025-09-07 20:21:07,S002,P1030,15.0,3.0,1.0,5,ERP,
2025-09-07,S003,p1005,72.0,1.0,1.0,3,ERP,
2025-09-07,S003,P1007,-6.0,1.0,2.0,4,ERP,
2025-09-07,S003,P1021,17.0,1.0,2.0,4,ERP,
2025-09-07,S003,P1049,3.0,2.0,,0,ERP,
2025-09-07,S003,P1076,43.0,0.0,,3,ERP,
2025-09-07 15:01:07,S003,P1080,57.0,2.0,0.0,7,ERP,
2025-09-07 14:57:33,S003,P1081,15.0,0.0,0.0,6,ERP,
2025-09-07,S4,P1029,17.0,1.0,1.0,2,ERP,
2025-09-07,S004,P1034,71.0,1.0,1.0,8,ERP,
2025-09-07,S004,P1030,,0.0,0.0,0,ERP,
2025-09-07,S005,P1041,56.0,1.0,1.0,4,ERP,
2025-09-07,S005,P1050,0.0,0.0,2.0,4,ERP,
2025-09-07,S005,P1088,72.0,2.0,0.0,10,ERP,
2025-09-07,ONLINE,P1000,23.0,0.0,0.0,1,ERP,
2025-09-07,ONLINE,P1009,56.0,0.0,0.0,7,ERP,
2025-09-07,ONLINE,P1041,77.0,0.0,1.0,4,ERP,
2025-09-07,ONLINE,P1043,,0.0,0.0,0,ERP,
2025-09-07,ONLINE,P1063,25.0,1.0,0.0,5,ERP,
2025-09-07 06:41:31,ONLINE,P1091,35.0,2.0,0.0,10,ERP,
2025-09-08,S001,P1016,39.0,1.0,0.0,2,ERP,
2025-09-08,S001,P1026,34.0,0.0,0.0,0,ERP,
2025-09-08,S001,P1029,45.0,1.0,1.0,4,ERP,
2025-09-08,S001,P1036,31.0,0.0,1.0,5,ERP,
2025-09-08,S001,P1058,,0.0,0.0,10,ERP,
2025-09-08,S001,P1064,20.0,2.0,2.0,3,ERP,
2025-09-08,S001,P1076,20.0,0.0,0.0,6,ERP,
2025-09-08,S001,P1030,5.0,0.0,0.0,4,ERP,
2025-09-08,S002,P1007,39.0,0.0,0.0,7,ERP,
2025-09-08,S002,P1040,52.0,3.0,1.0,3,ERP,
2025-09-08,S002,P1045,2.0,1.0,1.0,0,ERP,
08/09/2025,S002,P1047,0.0,0.0,0.0,1,ERP,
2025-09-08,S002,P1061,33.0,2.0,0.0,4,ERP,
2025-09-08,S002,P1067,16.0,2.0,0.0,6,ERP,
2025-09-08,S002,P1074,41.0,1.0,1.0,10,ERP,
2025-09-08,S003,P1017,22.0,1.0,1.0,5,ERP,
2025-09-08,S003,P1023,24.0,2.0,1.0,6,ERP,
2025-09-08,S003,P1035,29.0,0.0,1.0,1,ERP,
2025-09-08 06:03:37,S003,P1059,30.0,1.0,1.0,2,ERP,
2025-09-08,S004,P1068,6.0,0.0,2.0,4,ERP,
2025-09-08,S004,P1069,11.0,2.0,0.0,4,ERP,
2025-09-08,S004,P1099,36.0,1.0,0.0,1,ERP,
2025-09-08,S005,P1018,23.0,2.0,1.0,0,ERP,
8 de septiembre de 2025,S005,P1040,60.0,1.0,2.0,8,ERP,
2025-09-08,S005,P1071,21.0,0.0,0.0,1,ERP,
2025-09-08,ONLINE,P1023,51.0,0.0,0.0,3,ERP,
2025-09-08,ONLINE,P1025,66.0,2.0,0.0,0,ERP,
2025-09-08,ONLINE,P1027,26.0,0.0,0.0,6,ERP,
2025-09-08,ONLINE,P1032,101.0,1.0,3.0,8,ERP,
08/09/2025,ONLINE,P1043,35.0,1.0,0.0,2,ERP,
2025-09-08,ONLINE,P1056,21.0,1.0,2.0,6,ERP,
2025-09-08,ONLINE,P1065,24.0,0.0,1.0,5,ERP,
2025-09-08,ONLINE,P1078,27.0,1.0,0.0,0,ERP,
08/09/2025,ONLINE,P1091,36.0,2.0,0.0,8,ERP,
2025/09/09,S001,P1018,-8.0,2.0,1.0,5,ERP,
2025-09-09,S001,P1020,39.0,0.0,0.0,8,ERP,
2025-09-09,S001,SKU-9999,20.0,0.0,0.0,8,ERP,
2025-09-09,S001,P1069,9.0,0.0,3.0,4,ERP,
2025-09-09,S002,P1010,46.0,0.0,0.0,4,ERP,
2025-09-09,S002,P1022,18.0,1.0,0.0,2,ERP,
2025-09-09,S002,P1025,31.0,1.0,0.0,6,ERP,
2025-09-09,S002,P1029,31.0,0.0,0.0,10,ERP,
2025-09-09,S002,P1062,18.0,1.0,0.0,2,ERP,
2025-09-09,S002,P1088,66.0,1.0,1.0,6,ERP,
2025-09-09,S002,P1095,46.0,2.0,0.0,0,ERP,
09/09/25,S003,P1028,17.0,1.0,0.0,9,ERP,
2025-09-09,S003,P1037,9.0,1.0,0.0,0,ERP,
2025-09-09,S003,P1044,17.0,0.0,1.0,3,ERP,
2025-09-09 14:18:27,S003,P1055,53.0,1.0,2.0,10,ERP,
2025-09-09,S003,P1063,18.0,1.0,1.0,3,ERP,
2025-09-09,S003,P1085,6.0,0.0,0.0,0,ERP,
2025-09-09,S004,P1042,,2.0,0.0,10,ERP,
2025-09-09,S004,P1055,20.0,1.0,0.0,2,ERP,
2025-09-09,S004,P1066,23.0,0.0,0.0,9,ERP,
2025-09-09,S004,P1074,16.0,0.0,1.0,4,ERP,
2025-09-09,S4,P1084,59.0,1.0,2.0,7,ERP,
9 de septiembre de 2025,S004,P1085,3.0,2.0,1.0,0,ERP,
2025-09-09,S005,P1037,28.0,0.0,0.0,0,ERP,
2025-09-09,S005,P1064,6.0,2.0,0.0,3,ERP,
2025-09-09,S005,P1074,53.0,1.0,1.0,10,ERP,
2025-09-09,S005,P1093,7.0,1.0,0.0,2,ERP,
2025-09-09,ONLINE,P1001,54.0,3.0,1.0,2,ERP,
2025-09-09,ONLINE,P1046,72.0,0.0,1.0,1,ERP,
2025-09-09,ONLINE,P1053,0.0,0.0,0.0,0,ERP,
2025-09-09,ONLINE,P1058,-5.0,2.0,0.0,5,ERP,
2025-09-09,ONLINE,P1071,38.0,1.0,0.0,3,ERP,
2025-09-09,ONLINE,P1072,8.0,4.0,1.0,4,ERP,
2025-09-10,S001,P1006,48.0,0.0,0.0,4,ERP,
2025-09-10 01:14:52,S001,P1013,4.0,0.0,3.0,3,ERP,
2025-09-10,S001,P1018,68.0,1.0,0.0,6,ERP,
2025-09-10,S001,P1038,,0.0,0.0,0,ERP,
2025-09-10,S001,P1082,96.0,2.0,1.0,4,ERP,
2025-09-10,S02,P1099,15.0,0.0,1.0,6,ERP,
2025-09-10,S002,P1023,34.0,1.0,0.0,4,ERP,
2025-09-10,S002,P1046,15.0,0.0,0.0,4,ERP,
2025-09-10,S002,P1051,11.0,2.0,1.0,6,ERP,
2025-09-10,S002,P1058,62.0,2.0,0.0,4,ERP,
10/09/2025,S003,P1032,53.0,1.0,0.0,1,ERP,
2025/09/10,S003,P1035 ,27.0,0.0,0.0,3,ERP,
2025-09-10,S003,P1065,24.0,0.0,1.0,3,ERP,
2025-09-10,S003,P1073 ,41.0,0.0,0.0,5,ERP,
2025-09-10,S003,P1089,25.0,3.0,1.0,7,ERP,
2025-09-10,S004,P1008,29.0,1.0,1.0,3,ERP,
2025-09-10,S004,P1058,15.0,0.0,0.0,5,ERP,
2025-09-10,S004,P1064,21.0,2.0,1.0,0,ERP,
2025-09-10,S005,P1044,9.0,1.0,0.0,6,ERP,
2025-09-10,S005,P1045,0.0,0.0,1.0,1,ERP,
2025-09-10,S005,P1065,10.0,1.0,1.0,1,ERP,
2025-09-10,S005,P1094,23.0,4.0,2.0,0,ERP,
10/09/2025,ONLINE,P1008,46.0,0.0,0.0,1,ERP,
2025-09-10,ONLINE,P1036,73.0,1.0,0.0,6,ERP,
2025-09-10,ONLINE,P1054,71.0,2.0,1.0,10,ERP,
2025-09-10,ONLINE,P1060,42.0,0.0,0.0,4,ERP,
2025-09-10,ONLINE,P1062,27.0,1.0,2.0,6,ERP,
2025-09-10 05:34:49,ONLINE,P1077,60.0,1.0,1.0,6,ERP,
2025-09-10,ONLINE,P1090,23.0,0.0,0.0,0,ERP,
2025-09-11,S001,P1063,23.0,0.0,2.0,0,ERP,
2025-09-11,S002,P1004,16.0,0.0,0.0,10,ERP,
2025-09-11,S002,SKU-1019,48.0,1.0,0.0,9,ERP,
2025-09-11,S002,P1030,16.0,1.0,0.0,5,ERP,
2025-09-11,S002,P1052,20.0,1.0,1.0,0,ERP,
2025-09-11,S002,P1093,16.0,0.0,0.0,2,ERP,
2025-09-11,S003,P1002,30.0,0.0,2.0,9,ERP,
2025-09-11,S003,P1039,83.0,0.0,,5,ERP,
2025-09-11,S003,P1042,16.0,0.0,0.0,9,ERP,
2025-09-11,S003,P1047,24.0,0.0,0.0,0,ERP,
2025-09-11,S004,P1057,20.0,1.0,0.0,6,ERP,
2025-09-11,S005,P1011,13.0,0.0,2.0,1,ERP,
2025-09-11,S005,P1029,23.0,1.0,1.0,5,ERP,
2025-09-11,S005,P1037,31.0,1.0,4.0,3,ERP,
2025-09-11,S005,P1063,11.0,0.0,,5,ERP,
2025-09-11,S005,P1074,56.0,2.0,1.0,3,ERP,
2025-09-11,S005,P1086,23.0,2.0,0.0,5,ERP,
2025-09-11,S005,P1092,22.0,1.0,1.0,3,ERP,
2025-09-11 23:37:27,ONLINE,p1005,33.0,0.0,0.0,3,ERP,
2025-09-11,ONLINE,P1006,66.0,0.0,1.0,1,ERP,
2025-09-11,ONLINE,sku-1019,133.0,1.0,1.0,10,ERP,
11 de septiembre de 2025,ONLINE,P1033,95.0,1.0,0.0,7,ERP,
2025-09-11,ONLINE,P1070,58.0,2.0,0.0,0,ERP,
2025-09-11,ONLINE,P1075,70.0,1.0,0.0,4,ERP,
2025-09-11,ONLINE,P1077,58.0,1.0,0.0,10,ERP,
2025-09-11,ONLINE,P1085,19.0,0.0,1.0,1,ERP,
2025-09-11,ONLINE,P1092,48.0,0.0,0.0,2,ERP,
2025-09-12,S001,P1003,14.0,1.0,1.0,1,ERP,
2025-09-12,S001,P1023,25.0,1.0,1.0,1,ERP,
2025-09-12,S001,P1047,21.0,1.0,0.0,4,ERP,
2025-09-12,S001,P1064,24.0,1.0,1.0,5,ERP,
12/09/25,S001,P1090,25.0,1.0,0.0,2,ERP,
2025-09-12,S002,P1097,12.0,1.0,1.0,5,ERP,
2025-09-12,S003,P1015,34.0,0.0,0.0,10,ERP,
2025-09-12,S003,P1066,24.0,1.0,0.0,8,ERP,
2025-09-12,S003,P1088,78.0,0.0,0.0,5,ERP,
2025-09-12,S004,SKU-1019,30.0,2.0,1.0,10,ERP,
2025-09-12,S004,P1032,100.0,1.0,0.0,7,ERP,
2025-09-12,S004,P1087,48.0,0.0,1.0,2,ERP,
2025-09-12,S005,P1034,12.0,1.0,0.0,2,ERP,
2025-09-12,S005,P1053,18.0,1.0,1.0,5,ERP,
2025-09-12,S005,P1075,38.0,2.0,0.0,8,ERP,
2025-09-12,S04,P1076,57.0,0.0,0.0,3,ERP,
2025-09-12,S005,P1091,54.0,4.0,1.0,1,ERP,
2025-09-12 17:55:00,ONLINE, P1045,36.0,0.0,2.0,4,ERP,
2025-09-12,ONLINE,P1047,41.0,2.0,2.0,1,ERP,
2025-09-12,ONLINE,P1054,65.0,0.0,1.0,8,ERP,
2025-09-12,ONLINE,P1065,21.0,0.0,2.0,1,ERP,
2025-09-12,ONLINE,P1072,"62,29",0.0,1.0,1,ERP,
2025-09-12,ONLINE,P1091,37.0,1.0,0.0,0,ERP,
2025-09-13,S001,P1016,32.0,1.0,2.0,8,ERP,
2025-09-13,S001,P1058,21.0,2.0,2.0,1,ERP,
2025-09-13,S02,P1092,14.0,1.0,1.0,4,ERP,
2025-09-13,S002,P1020,95.0,1.0,2.0,4,ERP,
2025-09-13,S002,P1060,5.0,2.0,1.0,2,ERP,
2025-09-13,S002,P1091,10.0,0.0,1.0,6,ERP,
2025-09-13,S002,P1030,,1.0,0.0,4,ERP,
13/09/25,S003,P1024,68.0,1.0,2.0,2,ERP,
2025-09-13,S003,P1038,37.0,0.0,0.0,1,ERP,
2025-09-13,S003,P1055,51.0,1.0,0.0,5,ERP,
2025-09-13,S003,P1071,37.0,1.0,4.0,0,ERP,
2025-09-13,S003,P1090,1.0,1.0,0.0,0,ERP,
2025-09-13,S004,P1010,18.0,1.0,1.0,1,ERP,
2025-09-13,S004,P1023,28.0,4.0,2.0,6,ERP,
2025-09-13,S004,P1048,13.0,1.0,1.0,4,ERP,
2025-09-13,S004,P1076,58.0,0.0,2.0,1,ERP,
2025-09-13,S005,P1009,68.0,1.0,1.0,0,ERP,
2025-09-13,S005,P1031,13.0,0.0,1.0,2,ERP,
2025-09-13,S005,P1042,73.0,2.0,1.0,4,ERP,
2025-09-13,S5,P1044,12.0,1.0,0.0,0,ERP,
,S005,P1064,1.0,0.0,1.0,5,ERP,
2025-09-13,S005,P1082,,0.0,1.0,10,ERP,
2025-09-13,S005,P1088,67.0,1.0,1.0,7,ERP,
2025-09-13,ONLINE,P1004,62.0,0.0,1.0,4,ERP,
2025-09-13,ONLINE,P1011,87.0,3.0,0.0,6,ERP,
13/09/25,ONLINE,P1014,32.0,0.0,0.0,3,ERP,
13 de septiembre de 2025,ONLINE,P1021,,2.0,1.0,10,ERP,
2025-09-13,ONLINE,P1031,32.0,0.0,0.0,3,ERP,
2025-09-13,ONLINE,P1041,75.0,1.0,1.0,0,ERP,
2025/09/13,ONLINE,P1047,43.0,3.0,1.0,1,ERP,
2025-09-13,ONLINE,P1082,"32,87",2.0,0.0,2,ERP,
2025-09-13,ONLINE,P1084,52.0,0.0,1.0,5,ERP,
2025-09-13,ONLINE,P1085,16.0,1.0,1.0,5,ERP,
2025-09-14,S001,P1008,68.0,2.0,1.0,7,ERP,
2025-09-14,S001,P1027,20.0,2.0,1.0,7,ERP,
2025-09-14,S002,P1014,50.0,0.0,0.0,0,ERP,
2025-09-14,S002,P1048,0.0,0.0,0.0,0,ERP,
2025-09-14,S002,P1049,78.0,1.0,0.0,8,ERP,
2025-09-14,S002,P1092,19.0,0.0,0.0,4,ERP,
2025-09-14,S002,P1093,2.405,0.0,0.0,1,ERP,
2025-09-14,S003,p1005,73.0,0.0,2.0,5,ERP,
2025-09-14,S003,P1057,76.0,0.0,0.0,10,ERP,
2025-09-14,S004,P1030,24.0,5.0,1.0,3,ERP,
2025-09-14,s001,p1054,16.0,1.0,0.0,0,ERP,
2025-09-14,S004,P1062,40.0,3.0,2.0,9,ERP,
14/09/25,S004,P1073,,2.0,1.0,4,ERP,
2025-09-14,S004, P1086,10.0,1.0,0.0,5,ERP,
2025-09-14,S004,P1089,39.0,0.0,2.0,3,ERP,
2025-09-14,S005,P1054,23.0,4.0,3.0,3,ERP,
2025-09-14,S005,P1055,48.0,0.0,1.0,5,ERP,
2025-09-14,S005,P1056,23.0,0.0,2.0,10,ERP,
2025-09-14,S005,P1072,25.0,0.0,1.0,3,ERP,
2025-09-14,S005,P1073,107.0,0.0,1.0,0,ERP,
2025-09-14,ONLINE,P1000,22.0,3.0,0.0,4,ERP,
2025-09-14,ONLINE,P1015,104.0,1.0,1.0,1,ERP,
2025-09-14,ONLINE,P1017,23.0,1.0,2.0,4,ERP,
2025-09-14,ONLINE,P1029,59.0,3.0,0.0,1,ERP,
14/09/2025,ONLINE,P1041,75.0,1.0,0.0,5,ERP,
2025-09-14,ONLINE,P1042,103.0,0.0,1.0,2,ERP,
2025-09-14,ONLINE,P1058,-4.0,2.0,0.0,4,ERP,
14/09/2025,ONLINE,P1069,40.0,1.0,0.0,5,ERP,
2025-09-14,ONLINE,P1083,82.0,1.0,3.0,8,ERP,
14 de septiembre de 2025,ONLINE,P1091,37.0,1.0,1.0,10,ERP,
2025-09-14,ONLINE,P1097,24.0,1.0,1.0,1,ERP,
2025-09-15,S001,P1008,68.0,1.0,1.0,4,ERP,
2025/09/15,S001,P1041,23.0,1.0,3.0,8,ERP,
2025-09-15,S001,P1061,60.0,1.0,0.0,6,ERP,
2025-09-15,S001,P1066,0.0,0.0,1.0,5,ERP,
2025-09-15,S001,P1072,10.0,2.0,0.0,3,ERP,
2025-09-15,S001,P1076,17.0,1.0,0.0,1,ERP,
2025-09-15,S001,P1083,36.0,1.0,2.0,1,ERP,
2025-09-15,S001,P1086,,1.0,0.0,10,ERP,
2025-09-15,S001,P1030,39.0,1.0,1.0,3,ERP,
2025-09-15,S002,P1014,51.0,0.0,2.0,2,ERP,
2025-09-15,S002,P1023,52.0,1.0,1.0,9,ERP,
2025-09-15,S002,P1050,0.0,0.0,0.0,4,ERP,
2025-09-15,S002,P1085,0.0,0.0,1.0,0,ERP,
2025-09-15,S002,P1087,55.0,2.0,0.0,10,ERP,
2025-09-15,S003,P1000,25.0,2.0,0.0,0,ERP,
2025-09-15,S003,P1018,58.0,1.0,0.0,2,ERP,
2025-09-15,S003,P1020,2.0,0.0,2.0,8,ERP,
2025-09-15,S003,P1065,22.0,1.0,1.0,2,ERP,
2025-09-15,S003,P1069,1.0,1.0,1.0,3,ERP,
2025-09-15,S003,P1079,102.0,1.0,0.0,3,ERP,
2025/09/15,S003,P1095,19.0,1.0,1.0,7,ERP,
2025-09-15,S004,P1004,30.0,2.0,1.0,7,ERP,
2025-09-15,S004,P1006,83.0,1.0,0.0,1,ERP,
2025-09-15,S004,P1015,34.0,0.0,0.0,10,ERP,
2025-09-15,S004,P1017,10.0,2.0,2.0,9,ERP,
2025-09-15,S004,P1034,70.0,0.0,3.0,0,ERP,
2025-09-15,S004,P1054,14.0,1.0,0.0,5,ERP,
2025-09-15,S004,P1078,20.0,0.0,1.0,1,ERP,
2025-09-15,S004,P1080,65.0,2.0,2.0,0,ERP,
2025-09-15,S005,P1000,7.0,0.0,0.0,4,ERP,
2025-09-15,S005,P1009,68.0,0.0,1.0,9,ERP,
2025-09-15 05:23:22,S005,P1031,14.0,1.0,0.0,1,ERP,
2025-09-15,S005,P1074,53.0,0.0,0.0,6,ERP,
2025-09-15,ONLINE,P1002,46.0,1.0,1.0,9,ERP,
2025-09-15,ONLINE,P1009,61.0,0.0,2.0,0,ERP,
2025-09-15,ONLINE,P1013,34.0,1.0,4.0,5,ERP,
2025-09-15,ONLINE,P1020,87.0,1.0,1.0,2,ERP,
2025-09-15,ONLINE,P1025,65.0,1.0,1.0,0,ERP,
2025-09-15,ONLINE,P1037,27.0,3.0,2.0,1,ERP,
2025-09-15,ONLINE,P1065,19.0,0.0,0.0,4,ERP,
2025-09-15,ONLINE,P1068,63.0,0.0,0.0,4,ERP,
15 de septiembre de 2025,ONLINE,P1075,70.0,0.0,0.0,3,ERP,
2025-09-15,ONLINE,P1079,116.0,2.0,0.0,2,ERP,
2025-09-15,ONLINE,P1085,19.0,1.0,0.0,2,ERP,
2025-09-15,ONLINE,P1088,23.0,1.0,1.0,7,ERP,
2025-09-15,ONLINE,P1096,81.0,1.0,0.0,5,ERP,
2025-09-16,S001,P1007,49.0,0.0,1.0,4,ERP,
2025-09-16,S001,P1046,7.0,1.0,0.0,1,ERP,
2025-09-16,S001,P1058,21.0,,1.0,10,ERP,
2025-09-16,S001,P1062,58.0,1.0,0.0,4,ERP,
2025-09-16,S03,P1057,23.0,0.0,2.0,8,ERP,
2025-09-16,S002,P1087,55.0,1.0,1.0,4,ERP,
2025-09-16,S003,P1004,40.0,0.0,4.0,4,ERP,
2025-09-16,S003,P1025,70.0,2.0,0.0,7,ERP,
16/09/25,S003,P1099,40.0,3.0,2.0,4,ERP,
2025-09-16,S004,P1073,17.0,2.0,2.0,10,ERP,
2025-09-16,S005,P1020,65.0,0.0,0.0,5,ERP,
16 de septiembre de 2025,S005, P1032,20.0,0.0,0.0,6,ERP,
2025-09-16,S005,P1034,14.0,0.0,0.0,1,ERP,
2025-09-16,S005,P1058,21.0,2.0,0.0,9,ERP,
2025-09-16,S005,P1071,13.0,1.0,1.0,0,ERP,
2025-09-16,S005,P1095,9.0,0.0,1.0,1,ERP,
2025-09-16,S005,P1099,61.0,0.0,1.0,1,ERP,
2025-09-16,ONLINE,P1016,47.0,2.0,1.0,5,ERP,
2025-09-16,ONLINE,SKU-1019,131.0,0.0,0.0,10,ERP,
2025-09-16,ONLINE,P1054,68.0,0.0,0.0,2,ERP,
2025-09-16,ONLINE,P1075,71.0,0.0,2.0,0,ERP,
2025-09-16,ONLINE,P1076,29.0,2.0,1.0,2,ERP,
2025-09-16,ONLINE,P1087,38.0,1.0,1.0,9,ERP,
16 de septiembre de 2025,ONLINE,P1092,46.0,2.0,0.0,2,ERP,
2025-09-17,S001, p1012,58.0,2.0,0.0,9,ERP,
2025-09-17,S001,P1053,8.0,4.0,1.0,2,ERP,
2025-09-17,S001,P1056,40.0,0.0,1.0,2,ERP,
2025-09-17,S001,P1070,8.0,0.0,2.0,7,ERP,
2025-09-17,S001,P1092,14.0,2.0,0.0,0,ERP,
2025/09/17,S002,P1004,14.0,3.0,0.0,7,ERP,
2025-09-17,S002,P1011,19.0,0.0,0.0,9,ERP,
2025-09-17,S002, P1012,30.0,2.0,1.0,8,ERP,
2025-09-17,S002,P1020,95.0,2.0,0.0,8,ERP,
2025-09-17,S002,P1029,77.0,1.0,0.0,8,ERP,
2025-09-17,S002,P1066,56.0,1.0,4.0,10,ERP,
2025-09-17,S003,P1054,59.0,1.0,4.0,9,ERP,
2025-09-17,S003,P1073,39.0,2.0,0.0,2,ERP,
2025-09-17,S003,P1090,3.0,0.0,1.0,5,ERP,
2025-09-17,S004,P1027,57.0,0.0,1.0,5,ERP,
2025-09-17,S004,P1048,15.0,0.0,0.0,0,ERP,
2025-09-17,S004,P1049,31.0,1.0,0.0,7,ERP,
2025-09-17,S004,P1068,0.0,0.0,2.0,10,ERP,
17 de septiembre de 2025,S004,P1077,5.0,2.0,0.0,5,ERP,
2025-09-17,S005,P1006,34.0,0.0,0.0,2,ERP,
2025-09-17,S005,P1013,3.0,1.0,1.0,4,ERP,
2025-09-17,S005,P1015,75.0,0.0,0.0,4,ERP,
2025-09-17,S005,P1016,35.0,0.0,0.0,5,ERP,
2025-09-17,S005,P1044,6.0,0.0,0.0,7,ERP,
17/09/2025,S005,P1067,34.0,0.0,1.0,3,ERP,
2025-09-17,ONLINE,P1010,25.0,0.0,2.0,1,ERP,
2025-09-17,ONLINE,P1013,,0.0,1.0,5,ERP,
2025-09-17,ONLINE,P1015,103.0,1.0,1.0,2,ERP,
2025-09-17,ONLINE,P1018,68.0,0.0,1.0,5,ERP,
2025-09-17,ONLINE,P1029,61.0,0.0,1.0,3,ERP,
2025-09-17,ONLINE, P1033,99.0,0.0,0.0,9,ERP,
2025-09-17,ONLINE,P1056,19.0,1.0,2.0,8,ERP,
2025-09-17,ONLINE,P1078,28.0,1.0,0.0,1,ERP,
2025-09-17,ONLINE,P1096,77.0,0.0,0.0,3,ERP,
17/09/25,ONLINE,P1099,36.0,1.0,1.0,4,ERP,
2025-09-18,S001,P1026,33.0,2.0,2.0,3,ERP,
2025-09-18,S001,P1090,19.0,0.0,0.0,5,ERP,
2025-09-18,S002,P1031,2.0,1.0,1.0,0,ERP,
2025-09-18,S002,P1040,53.0,2.0,0.0,6,ERP,
2025-09-18,S002,P1045,4.0,0.0,0.0,1,ERP,
2025-09-18,S002,P1072,27.0,1.0,1.0,8,ERP,
2025-09-18,S002,P1082,34.0,2.0,0.0,1,ERP,
2025-09-18,S002,P1091,11.0,3.0,0.0,2,ERP,
2025-09-18,S003,SKU-1019,62.0,1.0,2.0,4,ERP,
2025-09-18,S003,P1020,3.0,3.0,2.0,4,ERP,
2025-09-18,S003,P1024,121.0,0.0,2.0,1,ERP,
2025-09-18,S003,P1033,23.0,0.0,0.0,2,ERP,
32/10/2025,S003,P1041,27.0,2.0,1.0,9,ERP,
2025-09-18,S3,P1053,15.0,3.0,1.0,5,ERP,
18 de septiembre de 2025,S003,P1072,86.0,0.0,0.0,8,ERP,
2025-09-18,S004,P1040,7.0,1.0,0.0,8,ERP,
2025/09/18,S004,P1052,1.0,0.0,3.0,1,ERP,
2025-09-18,S004,P1067,41.0,0.0,0.0,4,ERP,
2025-09-18,S005,P1014,20.0,0.0,0.0,9,ERP,
2025-09-18,S005,P1045,0.0,0.0,0.0,2,ERP,
18/09/25,S005,P1057,58.0,1.0,0.0,6,ERP,
2025-09-18,S005,P1064,19.0,0.0,1.0,3,ERP,
18/09/2025,S005,P1073,108.0,2.0,0.0,7,ERP,
2025-09-18,S005,P1084,55.0,1.0,0.0,6,ERP,
2025-09-18,S005,P1098,66.0,0.0,1.0,10,ERP,
2025-09-18,ONLINE,P1015,100.0,1.0,1.0,3,ERP,
2025-09-18,ONLINE,P1022,31.0,0.0,0.0,2,ERP,
2025-09-18,ONLINE,P1034,100.0,2.0,1.0,6,ERP,
2025-09-18,ONLINE,P1047,-10.0,0.0,0.0,2,ERP,
2025-09-18,ONLINE,P1061,126.0,0.0,0.0,0,ERP,
2025-09-18,ONLINE,P1062,27.0,1.0,1.0,5,ERP,
2025-09-18,ONLINE,P1081,22.0,0.0,0.0,1,ERP,
2025-09-18,ONLINE,P1091,36.0,0.0,0.0,8,ERP,
2025-09-19,S001,P1015,19.0,1.0,0.0,9,ERP,
2025-09-19 22:59:43,S002,P1014,46.0,0.0,2.0,5,ERP,
2025-09-19,S002,P1026,49.0,0.0,0.0,0,ERP,
2025-09-19,S002,P1035,57.0,0.0,0.0,9,ERP,
2025-09-19,S002,P1073,54.0,0.0,0.0,8,ERP,
2025-09-19,S002,P1075,21.0,0.0,0.0,2,ERP,
19/09/2025,S002,P1087,55.0,0.0,0.0,1,ERP,
2025-09-19,S002,P1095,44.0,2.0,1.0,5,ERP,
2025-09-19,S002, P1099,12.0,1.0,0.0,6,ERP,
2025-09-19,S003,P1021,38.0,0.0,2.0,0,ERP,
2025-09-19,S003,P1023,22.0,1.0,2.0,0,ERP,
2025-09-19,S003,P1053,13.0,0.0,1.0,5,ERP,
2025-09-19,S004,P1000,26.0,1.0,0.0,4,ERP,
2025-09-19,S004,P1017,11.0,0.0,1.0,3,ERP,
2025-09-19,S004,P1020,54.0,0.0,1.0,8,ERP,
2025-09-19,S004,P1045,20.0,,0.0,5,ERP,
2025/09/19,S004,P1056,33.0,0.0,0.0,4,ERP,
2025-09-19,S004,P1077,6.0,0.0,0.0,1,ERP,
2025-09-19,S004,P1083,14.0,2.0,0.0,5,ERP,
2025-09-19,S004,P1084,55.0,3.0,0.0,6,ERP,
2025-09-19,S004,P1085,5.0,1.0,0.0,1,ERP,
2025-09-19,S005,P1014,19.0,1.0,0.0,2,ERP,
2025-09-19,S005,P1021,1.0,1.0,0.0,3,ERP,
2025-09-19,S005,P1028,20.0,2.0,1.0,1,ERP,
2025-09-19,ONLINE,P1011,85.0,1.0,0.0,6,ERP,
19/09/25,ONLINE,P1016,45.0,1.0,1.0,1,ERP,
2025-09-19,ONLINE,P1023,72.0,2.0,1.0,4,ERP,
2025-09-19,ONLINE,P1039,27.0,1.0,0.0,7,ERP,
2025-09-19,ONLINE,P1041,79.0,0.0,0.0,5,ERP,
2025-09-19,ONLINE,P1068,62.0,1.0,0.0,8,ERP,
2025-09-19,ONLINE,P1072,6.0,0.0,0.0,7,ERP,
2025-09-19,ONLINE,P1078,29.0,0.0,0.0,5,ERP,
2025-09-19,ONLINE,P1098,55.0,4.0,0.0,1,ERP,
2025-09-20,S001,P1008,71.0,0.0,1.0,0,ERP,
2025-09-20,S001,P1029,66.0,0.0,1.0,0,ERP,
2025-09-20,S001,P1049,14.0,2.0,2.0,8,ERP,
2025/09/20,S001,P1066,0.0,0.0,1.0,4,ERP,
2025-09-20,S001,P1075,36.0,1.0,2.0,8,ERP,
20/09/2025,S001,P1099,16.0,2.0,0.0,10,ERP,
2025-09-20,S002,p1005,79.0,0.0,1.0,0,ERP,
2025-09-20,S002,P1022,16.0,1.0,3.0,1,ERP,
2025-09-20,S002,P1083,0.0,0.0,1.0,0,ERP,
2025-09-20,S002,P1093,17.0,1.0,1.0,1,ERP,
2025-09-20,S003,P1002,65.0,2.0,3.0,7,ERP,
2025-09-20,S003,P1032,55.0,0.0,0.0,6,ERP,
2025-09-20,S003,P1041,26.0,0.0,3.0,4,ERP,
2025-09-20,S003,P1042,20.0,2.0,1.0,8,ERP,
2025-09-20,S003,P1057,69.0,1.0,2.0,5,ERP,
2025-09-20,S003,P1058,74.0,1.0,0.0,3,ERP,
2025-09-20,S004,P1022,16.0,1.0,1.0,5,ERP,
2025-09-20,S004,P1035,56.0,1.0,2.0,5,ERP,
2025-09-20,S004,P1051,44.0,0.0,2.0,9,ERP,
2025-09-20,S004,P1058,9.0,1.0,1.0,4,ERP,
2025-09-20,S005,P1022,0.0,0.0,0.0,1,ERP,
2025-09-20,S005,P1050,0.0,0.0,0.0,3,ERP,
2025-09-20,S005,P1078,6.0,1.0,1.0,0,ERP,
2025-09-20,S005,P1084,52.0,2.0,1.0,1,ERP,
2025-09-20,ONLINE,SKU-1019,130.0,0.0,0.0,4,ERP,
2025-09-20,ONLINE,P1024,58.0,2.0,2.0,7,ERP,
2025-09-20,ONLINE,P1054,65.0,0.0,1.0,1,ERP,
2025-09-20,ONLINE,P1062,29.0,0.0,0.0,6,ERP,
2025-09-20,ONLINE,P1081,25.0,1.0,0.0,10,ERP,
2025-09-20,ONLINE,P1084,56.0,2.0,0.0,9,ERP,
2025-09-20,ONLINE,P1030,62.0,0.0,0.0,2,ERP,
2025-09-21,S001,P1020,37.0,2.0,1.0,7,ERP,
2025-09-21,S001,P1090,,2.0,0.0,1,ERP,
2025-09-21,S002,P1010,42.0,0.0,1.0,4,ERP,
2025-09-21,S002,P1033,65.0,2.0,0.0,10,ERP,
2025-09-21,S002,P1055,100.0,2.0,0.0,10,ERP,
2025-09-21,S003,P1018,59.0,3.0,0.0,9,ERP,
2025-09-21,S003,P1028,15.0,2.0,1.0,4,ERP,
2025-09-21,S003,P1031,22.0,0.0,1.0,3,ERP,
2025-09-21,S003,P1053,18.0,3.0,0.0,2,ERP,
2025-09-21,S003,P1094,18.0,0.0,1.0,8,ERP,
2025-09-21,S004,P1000,28.0,1.0,0.0,2,ERP,
2025-09-21,S004,P1006,86.0,0.0,1.0,6,ERP,
21 de septiembre de 2025,S004, P1046,27.0,0.0,0.0,10,ERP,
2025-09-21,S004,P1053,0.0,0.0,1.0,9,ERP,
2025-09-21,S004,P1061,30.0,1.0,2.0,8,ERP,
2025-09-21,S004,P1067,41.0,1.0,2.0,1,ERP,
2025-09-21,S004,P1079,14.0,0.0,0.0,9,ERP,
2025-09-21,S005,P1000,6.0,1.0,0.0,2,ERP,
2025-09-21,S005,P1027,43.0,0.0,1.0,10,ERP,
2025-09-21,S005,P1038,60.0,0.0,1.0,9,ERP,
2025-09-21,S005,P1053,12.0,0.0,1.0,7,ERP,
21/09/2025,S005,P1086,20.0,1.0,0.0,5,ERP,
2025-09-21,ONLINE,P1018,99.0,0.0,0.0,4,ERP,
2025-09-21,ONLINE,P1026,45.0,0.0,0.0,2,ERP,
2025-09-21,ONLINE,P1033,96.0,1.0,0.0,7,ERP,
2025-09-21,ONLINE,P1036,126.0,4.0,1.0,6,ERP,
2025-09-21,ONLINE,P1050,40.0,0.0,,4,ERP,
2025-09-21,ONLINE,P1067,18.0,1.0,0.0,4,ERP,
2025-09-21,ONLINE,P1068,62.0,1.0,2.0,3,ERP,
2025-09-21,ONLINE,P1073,25.0,1.0,0.0,3,ERP,
21/09/25,ONLINE,P1078,28.0,1.0,1.0,3,ERP,
2025-09-21,ONLINE,P1090,40.0,1.0,0.0,3,ERP,
2025-09-21,ONLINE,P1098,53.0,2.0,2.0,5,ERP,
2025-09-22,S001,P1014,72.0,0.0,0.0,6,ERP,
2025-09-22,S002,P1004,13.0,1.0,0.0,0,ERP,
2025-09-22,S002,P1018,30.0,1.0,0.0,10,ERP,
2025-09-22,S002,P1067,12.0,1.0,0.0,6,ERP,
2025-09-22,S002,P1085,2.0,0.0,0.0,5,ERP,
2025-09-22,S002,P1092,21.0,1.0,1.0,3,ERP,
2025-09-22,S003,P1008,7.0,0.0,0.0,10,ERP,
2025-09-22,S003,P1028,14.0,1.0,0.0,2,ERP,
2025-09-22,S003,P1032,52.0,1.0,1.0,5,ERP,
2025-09-22,S003,P1070,37.0,1.0,1.0,6,ERP,
2025/09/22,S003,P1092,14.0,1.0,2.0,1,ERP,
2025-09-22,S004,P1022,16.0,2.0,1.0,4,ERP,
22/09/25,S004,P1082,"64,33",1.0,0.0,3,ERP,
2025-09-22,S005,P1038,61.0,1.0,0.0,6,ERP,
2025-09-22,S005,P1055,43.0,0.0,0.0,2,ERP,
22/09/2025,S005,P1057,58.0,0.0,1.0,6,ERP,
2025-09-22,S005,P1062,6.0,0.0,1.0,9,ERP,
2025-09-22,ONLINE,P1003,156.0,2.0,0.0,8,ERP,
2025-09-22,ONLINE,SKU-1019,134.0,1.0,0.0,3,ERP,
2025-09-22 14:20:59,ONLINE,p1029,69.0,1.0,3.0,0,ERP,
2025-09-22,ONLINE,P1035,84.0,1.0,1.0,5,ERP,
2025-09-22,ONLINE,P1042,107.0,0.0,2.0,9,ERP,
22 de septiembre de 2025,ONLINE,P1065,18.0,0.0,1.0,3,ERP,
2025-09-22,ONLINE,P1069,40.0,0.0,0.0,5,ERP,
2025-09-22,ONLINE,P1084,53.0,2.0,0.0,3,ERP,
2025-09-23,S001,P1025,104.0,2.0,0.0,7,ERP,
2025/09/23,S001,P1034,68.0,0.0,1.0,6,ERP,
2025-09-23,S001,P1047,22.0,2.0,1.0,1,ERP,
2025-09-23,S001,P1058,21.0,1.0,1.0,6,ERP,
2025-09-23,S001,P1063,22.0,1.0,0.0,0,ERP,
2025-09-23,S001,P1093,27.0,1.0,0.0,4,ERP,
2025-09-23,S002,P1015,6.0,1.0,0.0,5,ERP,
2025-09-23,S002,p1035,54.0,3.0,2.0,6,ERP,
2025-09-23,S002,P1048,0.0,0.0,1.0,5,ERP,
23 de septiembre de 2025,S002,P1057,19.0,1.0,4.0,0,ERP,
2025-09-23,S002,P1069,41.0,1.0,0.0,2,ERP,
2025-09-23,S002,P1080,76.0,0.0,1.0,6,ERP,
2025-09-23,S002,P1099,11.0,2.0,1.0,0,ERP,
2025-09-23,S003,P1014,15.0,2.0,2.0,7,ERP,
23 de septiembre de 2025,S003,P1016,51.0,1.0,0.0,8,ERP,
2025-09-23,S003,P1040,110.0,0.0,0.0,9,ERP,
2025-09-23,S003,P1065,22.0,0.0,0.0,0,ERP,
2025-09-23,S003, P1098,53.0,1.0,0.0,4,ERP,
2025-09-23,S04,P1029,16.0,1.0,1.0,1,ERP,
2025-09-23,S004,P1097,9.0,1.0,1.0,1,ERP,
2025-09-23,S004,P1030,29.0,1.0,0.0,4,ERP,
2025-09-23,S005,P1007,64.0,1.0,1.0,1,ERP,
2025-09-23,S005,P1010,13.0,1.0,0.0,3,ERP,
2025-09-23,S005,P1020,61.0,3.0,0.0,2,ERP,
2025-09-23,S005,P1035,38.0,0.0,3.0,1,ERP,
2025-09-23,ONLINE,P1006,66.0,0.0,1.0,3,ERP,
2025-09-23,ONLINE,P1015,98.0,1.0,1.0,7,ERP,
2025-09-23,ONLINE,P1025,60.0,3.0,1.0,6,ERP,
2025-09-23,ONLINE,P1029,73.0,1.0,1.0,3,ERP,
2025-09-23,ONLINE,P1041,77.0,0.0,0.0,0,ERP,
2025-09-23,ONLINE,P1045,38.0,1.0,1.0,2,ERP,
23/09/25,ONLINE,P1063,25.0,1.0,0.0,4,ERP,
2025-09-23,ONLINE,P1065,2.565,2.0,0.0,3,ERP,
2025-09-23,ONLINE,P1068,61.0,1.0,1.0,3,ERP,
2025-09-23,ONLINE,P1085,-2.0,2.0,0.0,2,ERP,
2025-09-23,ONLINE,P1091,35.0,1.0,1.0,7,ERP,
2025-09-23,ONLINE,P1095,78.0,2.0,0.0,3,ERP,
2025/09/23,ONLINE,P1098,55.0,0.0,1.0,7,ERP,
2025-09-24,S001,P1009,48.0,0.0,1.0,9,ERP,
2025-09-24,S001,P1027,12.0,1.0,2.0,10,ERP,
2025-09-24,S001,P1053,6.0,3.0,1.0,3,ERP,
2025-09-24,S001,P1078,18.0,0.0,1.0,5,ERP,
2025/09/24,S001,P1089 ,,2.0,2.0,8,ERP,
2025-09-24,S002,P1000,13.0,1.0,1.0,4,ERP,
2025-09-24,S002,P1013,7.0,1.0,0.0,4,ERP,
2025-09-24,S002,P1033,65.0,0.0,0.0,10,ERP,
2025-09-24,S002,P1073,51.0,1.0,1.0,4,ERP,
24 de septiembre de 2025,S002,P1079,-7.0,2.0,0.0,8,ERP,
2025-09-24,S003,P103O,121.0,1.0,2.0,7,ERP,
2025-09-24, ONLINE,P1042,17.0,2.0,2.0,2,ERP,
2025-09-24,S003,P1060,3.0,1.0,1.0,3,ERP,
2025-09-24,S003,P1080,55.0,0.0,1.0,3,ERP,
2025-09-24,S004,P1016,16.0,1.0,2.0,7,ERP,
2025-09-24,S004,P1035,59.0,1.0,0.0,2,ERP,
2025-09-24,S004,P1055,15.0,1.0,2.0,3,ERP,
2025-09-24,S004,P1057,15.0,0.0,2.0,3,ERP,
2025-09-24,S004,P1062,35.0,1.0,0.0,10,ERP,
2025-09-24,S004,P1073,18.0,2.0,0.0,3,ERP,
2025-09-24,S004,P1082,22.0,2.0,1.0,9,ERP,
2025-09-24,S004,P1083,9.0,1.0,2.0,3,ERP,
2025-09-24,S005,P1030,11.0,0.0,1.0,2,ERP,
2025-09-24,S005,P1063,8.0,0.0,0.0,4,ERP,
2025-09-24,S005, P1079,109.0,1.0,2.0,8,ERP,
2025/09/24,S005,P1098,,0.0,3.0,4,ERP,
2025-09-24,ONLINE,P1014,37.0,0.0,0.0,6,ERP,
2025-09-24,ONLINE,P1017,68.0,1.0,2.0,3,ERP,
2025-09-24,ONLINE,P1023,115.0,3.0,0.0,3,ERP,
2025-09-24,ONLINE,P1026,46.0,2.0,0.0,1,ERP,
2025-09-24,ONLINE,P1037,25.0,1.0,0.0,9,ERP,
2025-09-24,ONLINE,P1054,63.0,2.0,0.0,1,ERP,
2025-09-25,S001,P1004,90.0,0.0,0.0,7,ERP,
2025-09-25,S001, P1012,57.0,2.0,1.0,5,ERP,
2025-09-25,S001,P1013,4.0,2.0,0.0,0,ERP,
2025-09-25,S001,P1034,71.0,1.0,1.0,9,ERP,
2025-09-25,S001,P1036,58.0,0.0,0.0,6,ERP,
2025-09-25,S001,P1046,3.0,0.0,1.0,7,ERP,
2025-09-25,S001,P1061,61.0,4.0,1.0,6,ERP,
2025-09-25,S001,P1075,42.0,1.0,0.0,8,ERP,
2025-09-25,S001,P1077,94.0,0.0,1.0,4,ERP,
2025-09-25,S001,P1083,33.0,1.0,0.0,4,ERP,
2025-09-25,S002,P1026,47.0,1.0,0.0,7,ERP,
2025-09-25,S002,P1072,22.0,1.0,0.0,1,ERP,
2025-09-25,S003,P1017,24.0,2.0,1.0,9,ERP,
2025-09-25,S003,P1021,31.0,1.0,2.0,5,ERP,
2025-09-25,S003,P1036,59.0,1.0,1.0,5,ERP,
2025-09-25,S003,P1068,13.0,0.0,1.0,5,ERP,
2025-09-25,S003,P1030,26.0,1.0,1.0,0,ERP,
2025-09-25,S004,P1023,27.0,0.0,0.0,9,ERP,
2025-09-25,S004,P1038,14.0,0.0,1.0,2,ERP,
2025-09-25,S004,P1056,35.0,3.0,0.0,5,ERP,
2025-09-25,S004,P1062,40.0,0.0,0.0,2,ERP,
2025-09-25,S004,P1070,47.0,0.0,0.0,4,ERP,
2025-09-25,S005,p1005,67.0,1.0,0.0,4,ERP,
2025-09-25,S005,P1009,69.0,1.0,1.0,2,ERP,
2025-09-25,S005,P1010,14.0,1.0,0.0,0,ERP,
2025-09-25,S005,P1044,6.0,2.0,0.0,5,ERP,
2025/09/25,S005,P1088,66.0,1.0,0.0,1,ERP,
2025-09-25,ONLINE,P1000,18.0,2.0,0.0,2,ERP,
2025-09-25,ONLINE,P1021,28.0,0.0,2.0,7,ERP,
2025-09-25,ONLINE,P1041,78.0,2.0,1.0,7,ERP,
2025-09-25,ONLINE,P1046,125.0,0.0,0.0,1,ERP,
2025/09/25,ONLINE,P1054,61.0,1.0,4.0,1,ERP,
25/09/2025,ONLINE,P1072,3.0,0.0,0.0,10,ERP,
2025-09-25,ONLINE,P1073,25.0,0.0,3.0,9,ERP,
25 de septiembre de 2025,ONLINE,P1085,15.0,3.0,0.0,3,ERP,
2025-09-26,S001,P1011,49.0,0.0,2.0,9,ERP,
2025-09-26,S001,P1033,110.0,1.0,0.0,5,ERP,
26 de septiembre de 2025,S05,P1046,5.0,1.0,3.0,8,ERP,
26/09/2025,S001,P1047,19.0,0.0,3.0,1,ERP,
2025-09-26,S001,P1048,39.0,1.0,1.0,2,ERP,
2025-09-26,S001, P1051,43.0,0.0,0.0,1,ERP,
2025-09-26,S001,P1053,5.0,0.0,1.0,10,ERP,
2025-09-26,S001,P1080,121.0,2.0,1.0,6,ERP,
2025-09-26,S001,P1089,73.0,0.0,1.0,10,ERP,
2025-09-26,S002,P1009,55.0,1.0,0.0,7,ERP,
2025-09-26,S002,P1018,32.0,0.0,2.0,3,ERP,
26/09/2025,S002,P1063,47.0,0.0,3.0,5,ERP,
2025/09/26,S002,P1067,13.0,1.0,1.0,8,ERP,
2025-09-26,S003,P1010,79 uds,1.0,1.0,2,ERP,
2025-09-26,S003,P1023,75.0,0.0,3.0,10,ERP,
26/09/2025,S003,P1024,122.0,1.0,1.0,5,ERP,
26 de septiembre de 2025,S003,P1059,28.0,0.0,1.0,5,ERP,
2025/09/26,S003,P1062,16.0,1.0,1.0,3,ERP,
2025-09-26,S003,P1096,45.0,0.0,2.0,2,ERP,
2025-09-26,S003,P1098,49.0,1.0,1.0,4,ERP,
2025-09-26,S004,P1040,5.0,2.0,0.0,9,ERP,
2025-09-26,S004,P1082,23.0,2.0,0.0,5,ERP,
2025-09-26,S004,P1091,25.0,3.0,0.0,1,ERP,
2025-09-26,S005,SKU-1019,10.0,1.0,1.0,8,ERP,
2025-09-26,S005,P1035,37.0,1.0,2.0,6,ERP,
2025-09-26,S005,P1039,56.0,1.0,0.0,0,ERP,
2025-09-26,S005,P1052,0.0,0.0,0.0,1,ERP,
26/09/2025,S03,p1073,105.0,0.0,2.0,5,ERP,
2025-09-26,S5,P1092,14.0,1.0,1.0,3,ERP,
2025-09-26,ONLINE,P1000,17.0,1.0,1.0,3,ERP,
2025-09-26,ONLINE,SKU-1019,129.0,2.0,1.0,6,ERP,
2025-09-26,ONLINE,P1043,31.0,0.0,0.0,4,ERP,
2025-09-26,ONLINE,P1051,76.0,4.0,0.0,1,ERP,
2025-09-26,ONLINE,P1052,14.0,2.0,0.0,3,ERP,
2025-09-26,ONLINE,P1065,19.0,1.0,1.0,2,ERP,
2025-09-26,ONLINE,P1074,21.0,2.0,2.0,2,ERP,
2025-09-26,ONLINE, P1077,72.0,2.0,3.0,0,ERP,
2025-09-26,ONLINE,P1080,23.0,0.0,0.0,10,ERP,
2025-09-26,ONLINE,P1092,42.0,1.0,2.0,4,ERP,
2025-09-26,ONLINE,P1095,107.0,1.0,0.0,4,ERP,
2025-09-27,S001,P1006,50.0,0.0,1.0,9,ERP,
2025-09-27,S001,P1021,74.0,0.0,1.0,0,ERP,
2025-09-27 08:09:13,S001,P1035,36.0,0.0,0.0,3,ERP,
27 de septiembre de 2025,S001,P1056,40.0,1.0,0.0,8,ERP,
2025-09-27,S001,P1060,65.0,1.0,1.0,10,ERP,
2025-09-27,S05,P1069,6.0,2.0,0.0,0,ERP,
2025-09-27,S001,P1073,20.0,1.0,1.0,2,ERP,
2025/09/27,S002,p1018,29.0,1.0,2.0,6,ERP,
2025-09-27,S002,P1023,130.0,0.0,1.0,5,ERP,
2025-09-27,S002,P1084,88.0,2.0,0.0,6,ERP,
2025-09-27,S002,P1030,27.0,2.0,0.0,1,ERP,
2025-09-27,S003,P1049,1.0,0.0,1.0,5,ERP,
2025/09/27,S003,P1059,34.0,1.0,0.0,2,ERP,
2025-09-27,S003,P1063,20.0,1.0,2.0,0,ERP,
2025-09-27,S003,P1066,47.0,2.0,5.0,9,ERP,
2025-09-27,S003,P1072,113.0,1.0,3.0,3,ERP,
2025-09-27,S003,P1097,26.0,0.0,0.0,2,ERP,
2025-09-27,S003,P1098,51.0,2.0,1.0,2,ERP,
2025-09-27,S004,P1011,94.0,3.0,1.0,1,ERP,
2025-09-27,S004,P1014,9.0,1.0,0.0,8,ERP,
2025-09-27,S004,P1023,22.0,1.0,1.0,5,ERP,
2025-09-27,S004,P1040,3.0,0.0,1.0,5,ERP,
2025-09-27,S004,P1081,23.0,1.0,2.0,8,ERP,
2025-09-27,S004,P1089,39.0,1.0,3.0,6,ERP,
2025-09-27,S004,P1098,13.0,1.0,1.0,7,ERP,
2025-09-27,S005,P1015,74.0,1.0,0.0,0,ERP,
2025-09-27,S005,P1040,119.0,0.0,0.0,1,ERP,
2025-09-27,ONLINE,P1001,52.0,2.0,1.0,7,ERP,
2025-09-27,ONLINE,P1003,,0.0,3.0,8,ERP,
27 de septiembre de 2025,ONLINE,P1008,113.0,1.0,0.0,8,ERP,
27/09/25,ONLINE,P1010,"49,56",0.0,2.0,4,ERP,
2025-09-27,ONLINE, P1012,65.0,3.0,0.0,5,ERP,
2025-09-27,ONLINE,SKU-1019,134.0,0.0,0.0,3,ERP,
2025-09-27,ONLINE,P1027,41.0,2.0,0.0,10,ERP,
2025-09-27,ONLINE,P1034,101.0,0.0,2.0,2,ERP,
2025-09-27,ONLINE,P1036,129.0,1.0,1.0,8,ERP,
2025-09-27,ONLINE,P1045,38.0,1.0,1.0,2,ERP,
2025-09-27,ONLINE,P1050,38.0,1.0,1.0,0,ERP,
2025-09-27,ONLINE,P1052,20.0,0.0,1.0,0,ERP,
2025-09-27 00:48:51,ONLINE,P1053,52.0,0.0,1.0,5,ERP,
2025-09-27,ONLINE,P1069,41.0,0.0,2.0,3,ERP,
2025-09-27,ONLINE,P1081,57.0,1.0,1.0,4,ERP,
2025-09-27,ONLINE,P1090,40.0,2.0,0.0,1,ERP,
2025-09-27,ONLINE,P1094,53.0,0.0,1.0,0,ERP,
2025-09-28,S001,P1010,1.0,1.0,0.0,4,ERP,
2025-09-28,S001,P1023,21.0,1.0,0.0,8,ERP,
2025-09-28,S001,P1036,58.0,1.0,0.0,5,ERP,
2025-09-28,S002,P1022,13.0,2.0,0.0,0,ERP,
2025-09-28,S002,P1064,12.0,1.0,1.0,4,ERP,
2025-09-28,S002,P1089,43.0,1.0,3.0,0,ERP,
2025-09-28,S003,SKU-1019,59.0,1.0,1.0,8,ERP,
2025-09-28,S003,P1037,10.0,2.0,3.0,9,ERP,
28/09/2025,S003,P1054,56.0,1.0,0.0,6,ERP,
2025-09-28,S003,P1064,3.0,1.0,1.0,4,ERP,
2025-09-28,S02,P1027,55.0,2.0,0.0,6,ERP,
2025-09-28,S004,P1034,121.0,0.0,0.0,6,ERP,
2025-09-28,S05,P1024,61.0,1.0,0.0,7,ERP,
2025-09-28,S005,P1035,36.0,1.0,0.0,4,ERP,
2025-09-28,S005,P1051,49.0,1.0,0.0,9,ERP,
2025-09-28,S005,P1082,23.0,0.0,1.0,1,ERP,
2025-09-28,S005,p1090,36.0,0.0,0.0,1,ERP,
2025-09-28,ONLINE,P1009,61.0,2.0,0.0,3,ERP,
2025-09-28,ONLINE, P1012,69.0,0.0,0.0,3,ERP,
2025-09-28,ONLINE,P1021,30.0,1.0,1.0,0,ERP,
2025-09-28,ONLINE,P1029,68.0,0.0,0.0,2,ERP,
2025-09-28,ONLINE,P1072,8.0,1.0,1.0,4,ERP,
2025-09-28,ONLINE,P1073,25.0,4.0,0.0,4,ERP,
2025-09-29,S001,P1007,51.0,2.0,1.0,0,ERP,
2025-09-29,S001, P1012,52.0,0.0,1.0,4,ERP,
2025-09-29,S001,P1035,32.0,2.0,0.0,1,ERP,
2025-09-29,S001,P1039,16.0,1.0,1.0,6,ERP,
2025-09-29,S002,P1059,23.0,1.0,2.0,1,ERP,
2025-09-29,S003,P1028,11.0,0.0,0.0,7,ERP,
2025-09-29,S003,P1068,15.0,2.0,2.0,9,ERP,
2025-09-29,S003,P1073,35.0,2.0,0.0,7,ERP,
2025-09-29,S003,P1085,11.0,0.0,2.0,2,ERP,
2025-09-29,S004,P1000,27.0,1.0,0.0,0,ERP,
2025-09-29,S004,P1013,4.0,3.0,1.0,1,ERP,
2025-09-29,S004,P1028,155.0,0.0,1.0,0,ERP,
2025-09-29 12:17:04,S004,P1046,31.0,1.0,1.0,10,ERP,
2025-09-29,S004,P1047,16.0,3.0,0.0,3,ERP,
2025-09-29,S004,P1081,20.0,2.0,0.0,5,ERP,
2025-09-29,S004,P1093,3.0,0.0,0.0,0,ERP,
2025-09-29,S005,P1004,45.0,0.0,0.0,5,ERP,
2025-09-29,ONLINE,SKU-9999,83.0,0.0,0.0,10,ERP,
2025-09-29,ONLINE,P1014,42.0,0.0,0.0,6,ERP,
2025-09-29,ONLINE,P1017,69.0,1.0,0.0,1,ERP,
2025-09-29,ONLINE,P1028,55.0,1.0,3.0,4,ERP,
2025-09-29,ONLINE,P1029,71.0,0.0,1.0,2,ERP,
29/09/25,ONLINE,P1049,79.0,1.0,1.0,5,ERP,
2025-09-29,ONLINE,P1074,17.0,2.0,0.0,5,ERP,
2025-09-29,ONLINE,P1083,80.0,1.0,2.0,9,ERP,
2025-09-29,ONLINE,P1090,45.0,1.0,1.0,2,ERP,
2025-09-30,S001,P1035,34.0,2.0,0.0,8,ERP,
2025-09-30,S001,P1078,26.0,1.0,0.0,0,ERP,
2025-09-30,S001,P1081,67.0,0.0,0.0,10,ERP,
2025-09-30,S001,P1089,-4.0,2.0,0.0,6,ERP,
2025-09-30,S002,P1013,6.0,0.0,0.0,1,ERP,
2025-09-30,S002,P1015,0.0,0.0,0.0,5,ERP,
2025-09-30,S002,P1027,57.0,0.0,0.0,2,ERP,
2025-09-30,S002,P1097,9.0,0.0,0.0,3,ERP,
2025-09-30,S003,P1007,79.0,1.0,2.0,1,ERP,
30/09/25,S003, P1012,62.0,1.0,0.0,5,ERP,
2025-09-30,S003,P1018,55.0,1.0,2.0,2,ERP,
2025-09-30,S003,P1023,77.0,1.0,1.0,8,ERP,
2025-09-30,S003,P1047,,1.0,3.0,3,ERP,
2025-09-30,S003,P1062,16.0,2.0,0.0,1,ERP,
2025-09-30,S003,P1072,112.0,2.0,1.0,7,ERP,
2025-09-30,S004,p1005,60.0,0.0,0.0,7,ERP,
2025-09-30,S004,P1010,16.0,0.0,2.0,0,ERP,
2025-09-30,S004,P1023,27.0,1.0,2.0,2,ERP,
2025/09/30,S004,P1025,66.0,1.0,1.0,10,ERP,
2025-09-30,S004,P1071,26.0,1.0,0.0,2,ERP,
2025-09-30,S005,P1004,48.0,0.0,0.0,4,ERP,
2025-09-30,S005,P1014,17.0,1.0,0.0,3,ERP,
2025-09-30,S005,P1030,13.0,0.0,1.0,4,ERP,
2025-09-30,S005,P1039,53.0,1.0,0.0,1,ERP,
2025-09-30,S005,P1041,148.0,1.0,3.0,4,ERP,
2025-09-30,ONLINE,P1006,63.0,1.0,2.0,2,ERP,
2025-09-30,ONLINE, P1025,61.0,1.0,0.0,1,ERP,
2025-09-30,ONLINE,P1029,69.0,3.0,1.0,7,ERP,
2025/09/30,ONLINE,P1033,132.0,1.0,1.0,7,ERP,
2025-09-30,ONLINE,P1035,81.0,1.0,0.0,4,ERP,
2025-09-30,ONLINE,P1054,63.0,1.0,0.0,2,ERP,
2025-09-30,ONLINE,P1085,12.0,2.0,0.0,1,ERP,
2025-09-30,ONLINE,P1088,27.0,3.0,1.0,5,ERP,
30/09/25,ONLINE,P1091,44.0,0.0,2.0,3,ERP,
2025-09-30,ONLINE,P1094,49.0,1.0,0.0,3,ERP,
2025-10-01,S001,P1028,0.0,0.0,1.0,6,ERP,
2025-10-01,S001,P1039,17.0,0.0,0.0,5,ERP,
2025-10-01,S001,P1040,67.0,2.0,1.0,3,ERP,
2025-10-01,S001,P1051,40.0,1.0,1.0,9,ERP,
2025-10-01,S001,P1057,13.0,2.0,0.0,6,ERP,
2025-10-01,S001,P1030,39.0,0.0,2.0,3,ERP,
2025-10-01,S002,P1024,21.0,1.0,,10,ERP,
2025-10-01,S002,P1068,61.0,1.0,0.0,4,ERP,
2025-10-01,S002,P1089,46.0,2.0,1.0,6,ERP,
2025-10-01,S003,P1028,12.0,0.0,1.0,7,ERP,
2025-10-01,S004,P1016,13.0,3.0,0.0,1,ERP,
2025-10-01,S004,P1024,22.0,2.0,0.0,8,ERP,
2025-10-01,S004,P1052,0.0,0.0,0.0,1,ERP,
2025-10-01,S005,P1007,67.0,2.0,2.0,1,ERP,
2025-10-01,S003 ,P1036,36.0,0.0,1.0,4,ERP,
2025-10-01,S005,P1094,89.0,0.0,0.0,7,ERP,
2025-10-01,ONLINE,P1007,26.0,0.0,0.0,0,ERP,
2025-10-01,ONLINE,P1029,67.0,1.0,1.0,9,ERP,
2025-10-01,ONLINE,P1030,56.0,2.0,1.0,1,ERP,
2025-10-01,ONLINE,P1055,"56,75",0.0,0.0,9,ERP,
2025-10-01,ONLINE,P1084,54.0,1.0,1.0,10,ERP,
2025-10-01,ONLINE,P1091,42.0,0.0,1.0,4,ERP,
2025-10-02,S001,P1017,26.0,0.0,0.0,4,ERP,
2025-10-02,S001,P1042,71.0,0.0,1.0,9,ERP,
2025-10-02,S001,P1093,27.0,0.0,0.0,2,ERP,
2025-10-02,S002,P1088,118.0,1.0,2.0,7,ERP,
2025-10-02,S003,P1001,29.0,1.0,1.0,4,ERP,
2025-10-02,S003,P1026,69.0,0.0,0.0,5,ERP,
2025-10-02 07:16:25,S003,P1045,22.0,1.0,2.0,5,ERP,
2025-10-02,S003,P1054,55.0,0.0,1.0,8,ERP,
2025-10-02,S003,P1063,19.0,2.0,3.0,0,ERP,
2025-10-02,S004,P1049,27.0,0.0,1.0,8,ERP,
2025-10-02,S004,P1083,9.0,0.0,0.0,2,ERP,
02/10/2025,S005,SKU-1019,9.0,2.0,0.0,8,ERP,
2025-10-02,S005,P1039,53.0,1.0,2.0,6,ERP,
2025-10-02,S005,P1048,62.0,0.0,1.0,1,ERP,
2025-02-30,S005,P1053,10.0,1.0,0.0,7,ERP,
2025-10-02,S005,P1066,23.0,1.0,2.0,5,ERP,
2025-10-02,S005,P1077,77.0,0.0,1.0,0,ERP,
2025-10-02,S005,P1083,1.0,1.0,0.0,10,ERP,
2025-10-02,ONLINE,P1004,148.0,1.0,3.0,5,ERP,
2025-10-02,ONLINE,P1011,83.0,1.0,1.0,3,ERP,
2025-10-02,ONLINE,P1033,136.0,2.0,1.0,1,ERP,
2025-10-02,ONLINE,P1037,25.0,2.0,2.0,6,ERP,
2025-10-02,ONLINE,P1038,,2.0,1.0,10,ERP,
2025-10-02,ONLINE,P1046,123.0,4.0,0.0,2,ERP,
2025-10-02,ONLINE,P1079,106.0,0.0,1.0,6,ERP,
2025-10-02,ONLINE,P1096,80.0,1.0,0.0,7,ERP,
2025-10-02,ONLINE,P1099,36.0,1.0,0.0,0,ERP,
2025-10-03,S001,P1041,23.0,0.0,0.0,6,ERP,
2025-10-03,S002,P1023,125.0,0.0,1.0,4,ERP,
2025-10-03,S002,P1025,32.0,0.0,1.0,4,ERP,
2025-10-03,S002,P1026,45.0,0.0,1.0,9,ERP,
2025-10-03,S002,P1042,56.0,1.0,1.0,7,ERP,
2025-10-03,S002,P1074,30.0,0.0,2.0,2,ERP,
2025-10-03,S003,P1003,61.0,1.0,5.0,5,ERP,
2025-10-03,S003,P1034,43.0,1.0,0.0,5,ERP,
2025-10-03,S003,P1047,34.0,1.0,,0,ERP,
03/10/25,S003,P1051,20.0,0.0,,7,ERP,
2025-10-03,S003,P1078,,1.0,0.0,4,ERP,
2025-10-03,S003,P1094,18.0,0.0,2.0,7,ERP,
2025-10-03,S004,P1035,54.0,0.0,1.0,6,ERP,
2025-10-03,S004,P1044,28.0,0.0,0.0,4,ERP,
2025-10-03,S004,P1063,0.0,0.0,0.0,5,ERP,
2025-10-03,S005,P1018,21.0,1.0,0.0,0,ERP,
2025-10-03,S005,P1026,14.0,3.0,1.0,0,ERP,
2025-10-03,S005,P1030,32.0,0.0,1.0,4,ERP,
2025-10-03,S005,P1091,46.0,1.0,1.0,0,ERP,
2025-10-03,ONLINE,P1008,112.0,1.0,0.0,2,ERP,
2025-10-03,ONLINE,P1011,84.0,1.0,0.0,6,ERP,
2025-10-03,ONLINE,P1022,35.0,3.0,0.0,0,ERP,
2025-10-03,ONLINE,P1023,116.0,0.0,0.0,6,ERP,
2025-10-03,ONLINE,P1063,25.0,1.0,1.0,0,ERP,
3 de octubre de 2025,ONLINE,P1081,56.0,1.0,2.0,5,ERP,
2025-10-03,ONLINE,P1089,87.0,1.0,0.0,3,ERP,
2025-10-04,S001,P1026,33.0,1.0,2.0,4,ERP,
2025-10-04,S001,P1080,115.0,1.0,1.0,2,ERP,
2025-10-04,S002,p1005,76.0,0.0,1.0,4,ERP,
2025-10-04,S002,P1011,12.0,1.0,2.0,7,ERP,
04/10/25,S002,P1030,28.0,1.0,0.0,5,ERP,
2025-10-04,S002,P1059,18.0,3.0,1.0,3,ERP,
2025-10-04,S002,P1080,69.0,0.0,2.0,1,ERP,
2025-10-04,S002,P1095,40.0,2.0,0.0,4,ERP,
2025-10-04,S003,P1038,29.0,1.0,0.0,7,ERP,
2025-10-04,S003,P1049,2.0,0.0,0.0,9,ERP,
2025-10-04,S003,P1051,25.0,0.0,2.0,0,ERP,
2025-10-04,S003,P1063,17.0,1.0,0.0,5,ERP,
2025-10-04,S003,P1071,74.0,0.0,0.0,6,ERP,
2025-10-04,S003,P1086,21.0,0.0,0.0,9,ERP,
2025-10-04,S003,P1087,23.0,1.0,0.0,0,ERP,
04/10/2025,S003,P1092,16.0,3.0,1.0,0,ERP,
2025-10-04,S004,,85.0,0.0,2.0,9,ERP,
2025-10-04,S004,P1008,21.0,2.0,1.0,1,ERP,
2025-10-04,S005,P1014,19.0,1.0,0.0,4,ERP,
04/10/25,S005,P1057,60.0,0.0,2.0,5,ERP,
2025-10-04,S005,P1060,107.0,1.0,0.0,2,ERP,
2025-10-04,ONLINE,P1022,37.0,1.0,0.0,1,ERP,
2025-10-04,ONLINE,P1028,49.0,1.0,0.0,7,ERP,
2025-10-04,ONLINE,P1030,59.0,0.0,0.0,1,ERP,
2025-10-04,ONLINE,P1059,24.0,1.0,1.0,2,ERP,
2025-10-04,ONLINE,P1067,16.0,2.0,1.0,5,ERP,
2025-10-04,ONLINE,P1068,118.0,0.0,0.0,9,ERP,
2025-10-04,ONLINE,P1076,35.0,2.0,3.0,1,ERP,
2025-10-04,ONLINE,P1077,68.0,1.0,0.0,5,ERP,
2025-10-04,ONLINE,P1078,24.0,0.0,0.0,3,ERP,
2025-10-05,S001,P1000,11.0,2.0,0.0,2,ERP,
2025-10-05,S001,P1020,34.0,2.0,0.0,7,ERP,
2025-10-05,S001,P1041,22.0,2.0,0.0,6,ERP,
2025-10-05,S001,P1069,0.0,0.0,0.0,2,ERP,
2025-10-05,S002,P1017,66.0,2.0,0.0,8,ERP,
2025-10-05,S002,P1021,,0.0,3.0,0,ERP,
2025-10-05,S002,P1030,25.0,4.0,0.0,0,ERP,
2025-10-05,S002,P1056,114.0,2.0,1.0,3,ERP,
2025-10-05,S002,P1030,23.0,2.0,1.0,0,ERP,
2025-10-05,S003,P1036,97.0,2.0,1.0,1,ERP,
2025-10-05,S003,P1040,41 uds,0.0,1.0,2,ERP,
2025-10-05,S003,P1052,21.0,0.0,1.0,3,ERP,
2025-10-05,S003,P1065,21.0,0.0,1.0,1,ERP,
2025-10-05,S004,P9999,79.0,3.0,0.0,4,ERP,
2025-10-05,S004,P1002,129.0,0.0,0.0,2,ERP,
2025-10-05,S004,P1023,25.0,1.0,2.0,9,ERP,
2025-10-05,S004,P1034,117.0,1.0,0.0,8,ERP,
2025-10-05,S004,P1052,0.0,0.0,0.0,3,ERP,
2025-10-05,S004,P1055,31.0,0.0,0.0,7,ERP,
2025-10-05,S004,P1069,6.0,1.0,1.0,3,ERP,
2025-10-05,S004,P1075,22.0,1.0,1.0,2,ERP,
2025-10-05,S005,P1013,0.0,0.0,2.0,4,ERP,
2025-10-05,S005,P1028,15.0,3.0,0.0,1,ERP,
2025-10-05,S005,P1066,21.0,1.0,0.0,8,ERP,
2025-10-05,S005,P1082,23.0,5.0,1.0,5,ERP,
05/10/2025,ONLINE,P1062,67.0,2.0,0.0,2,ERP,
2025-10-05,ONLINE,P1079,112.0,2.0,0.0,4,ERP,
2025-10-05,ONLINE,P1080,20.0,5.0,0.0,4,ERP,
2025-10-06,S001, P1012,52.0,5.0,2.0,0,ERP,
2025-10-06,S001,P1025,99.0,1.0,1.0,10,ERP,
2025-10-06,S001,P1058,17.0,1.0,3.0,0,ERP,
2025-10-06,S001,P1067,27.0,1.0,0.0,8,ERP,
2025-10-06,S002,P1040,54.0,1.0,0.0,10,ERP,
2025-10-06,S002,P1096,75.0,1.0,1.0,8,ERP,
2025-10-06,S003,P1025,65.0,1.0,1.0,0,ERP,
2025-10-06,S003,P1040,105.0,1.0,1.0,10,ERP,
2025-10-06,S003,P1043,26.0,1.0,1.0,2,ERP,
2025-10-06,S003,P1049,11.0,0.0,1.0,3,ERP,
2025-10-06,S003,P1057,68.0,2.0,1.0,6,ERP,
2025/10/06,S003,P1067,13.0,0.0,0.0,10,ERP,
2025-10-06,S003,P1073,34.0,1.0,2.0,1,ERP,
2025-10-06,S003,P1078,24.0,2.0,1.0,4,ERP,
2025-10-06,S003,P1080,-2.0,1.0,0.0,6,ERP,
2025-10-06,S003,P1087,17.0,0.0,0.0,3,ERP,
2025-10-06,S004,SKU-1019,"33,28",1.0,0.0,3,ERP,
2025-10-06,S004,P1026,34.0,0.0,0.0,6,ERP,
2025-10-06,S004,P1032,139.0,2.0,2.0,5,ERP,
2025-10-06,S004,P1034,115.0,1.0,0.0,0,ERP,
2025-10-06,S004,P1098,14.0,2.0,0.0,5,ERP,
2025-10-06,S005, p1005,63.0,1.0,2.0,9,ERP,
2025-10-06,S005,P1030,33.0,0.0,0.0,5,ERP,
2025-10-06 03:15:12,S005,P1077,114.0,2.0,0.0,9,ERP,
2025-10-06,S005,P1084,48.0,0.0,1.0,7,ERP,
2025-10-06,ONLINE,P1015,98.0,0.0,0.0,7,ERP,
2025-10-06,ONLINE,P1016,78.0,0.0,0.0,4,ERP,
2025-10-06,ONLINE,P1025,58.0,2.0,1.0,6,ERP,
2025-10-06,ONLINE,P1030,58.0,3.0,0.0,5,ERP,
2025-10-06,ONLINE,P1040,74.0,1.0,0.0,1,ERP,
2025-10-06,ONLINE,P1043,48.0,1.0,1.0,0,ERP,
2025-10-06,ONLINE,P1047,52.0,2.0,1.0,4,ERP,
2025-10-06,ONLINE,P1051,71.0,1.0,4.0,9,ERP,
2025-10-06,ONLINE,P1074,17.0,1.0,0.0,6,ERP,
2025-10-06,ONLINE,P1083,77.0,1.0,3.0,3,ERP,
2025-10-06,ONLINE,P1084,48.0,2.0,2.0,7,ERP,
2025-10-06,ONLINE,P1096,77.0,1.0,1.0,7,ERP,
2025-10-06,ONLINE,p1098,54.0,1.0,2.0,5,ERP,
2025-10-07,S001,P1066,0.0,0.0,1.0,10,ERP,
2025-10-07,S001,P1074,81.0,0.0,0.0,2,ERP,
2025-10-07,S001,P1091,50.0,1.0,1.0,8,ERP,
2025-10-07,S001,P1094,61.0,3.0,0.0,3,ERP,
2025-10-07,S002,P1021,54.0,1.0,1.0,3,ERP,
2025-10-07,S002,P1037,76.0,1.0,0.0,2,ERP,
2025-10-07,S002,P1053,51.0,0.0,1.0,9,ERP,
32/10/2025,S002,P1090,16.0,,0.0,0,ERP,
2025-10-07,S003,P1026,65.0,0.0,2.0,1,ERP,
2025-10-07,S003,P1029,94.0,0.0,0.0,5,ERP,
07/10/25,S003,P1079,92.0,1.0,1.0,6,ERP,
2025-10-07,S004,P1008 ,19.0,3.0,0.0,5,ERP,
2025-10-07,S004,P1028,153.0,4.0,1.0,7,ERP,
2025-10-07,S005,P1003,48.0,1.0,2.0,10,ERP,
07/10/25,S005,P1008,15.0,2.0,0.0,5,ERP,
2025-10-07,S005,P1025,128.0,1.0,0.0,9,ERP,
2025-10-07,S01,P1031,5.0,2.0,0.0,5,ERP,
2025-10-07,S005,P1042,69.0,1.0,2.0,4,ERP,
2025-10-07,S005,P1048,61.0,0.0,1.0,0,ERP,
2025-10-07,S005,P1064,12.0,0.0,1.0,5,ERP,
2025-10-07,S005,P1079,105.0,2.0,2.0,5,ERP,
2025-10-07,S005,P1089,19.0,0.0,0.0,2,ERP,
2025-10-07,ONLINE,P1011,86.0,2.0,0.0,2,ERP,
2025-10-07,ONLINE,P1016,79.0,1.0,2.0,3,ERP,
2025-10-07,ONLINE,P1047,49.0,0.0,0.0,4,ERP,
2025-10-07,ONLINE,P1062,72.0,1.0,0.0,0,ERP,
2025-10-07,ONLINE,P1067,19.0,0.0,0.0,10,ERP,
2025-10-07,ONLINE,P1075,100.0,0.0,0.0,6,ERP,
2025-10-07,ONLINE,P1086,17.0,1.0,0.0,7,ERP,
2025-10-07,ONLINE,P1089,"67,70",0.0,2.0,3,ERP,
2025-10-07,ONLINE,P1093,38.0,1.0,0.0,2,ERP,
2025-10-07,ONLINE,P1097,26.0,0.0,0.0,3,ERP,
2025-10-08,S001,P1024,15.0,0.0,0.0,2,ERP,
2025-10-08,S001,P1050,41.0,1.0,2.0,1,ERP,
2025-10-08,S001,P1055,1.0,0.0,3.0,4,ERP,
2025-10-08,S001,P1067,29.0,0.0,0.0,8,ERP,
2025-10-08,S001,P1082,143.0,,0.0,0,ERP,
2025-10-08,S001,P1089,67.0,2.0,0.0,7,ERP,
2025-10-08,S002,P1009,87.0,2.0,1.0,9,ERP,
2025-10-08,S002,P1045,3.0,1.0,0.0,0,ERP,
8 de octubre de 2025,S002,P1067,7.0,2.0,1.0,10,ERP,
2025-10-08,S003,P1011,67.0,0.0,1.0,0,ERP,
2025-10-08,S003,P1036,96.0,1.0,0.0,2,ERP,
2025-10-08,S003,P1037,8.0,1.0,0.0,6,ERP,
2025-10-08,S003,P1053,14.0,0.0,0.0,5,ERP,
2025-10-08,S003,P1080,54.0,4.0,0.0,10,ERP,
2025-10-08,S003,P1081,13.0,,0.0,5,ERP,
2025-10-08,S004,P1003,14.0,0.0,0.0,7,ERP,
2025-10-08,S005,p1005,61.0,0.0,0.0,9,ERP,
08/10/2025,S005,P1013,0.0,0.0,2.0,7,ERP,
2025-10-08,S005,P1017,20.0,0.0,1.0,1,ERP,
2025-10-08,S005,P1031,4.0,1.0,3.0,1,ERP,
2025-10-08,S005,P1054,48.0,2.0,0.0,3,ERP,
2025-10-08,S005,P1069,21.0,0.0,0.0,3,ERP,
2025-10-08,S005,P1070 ,16.0,0.0,1.0,7,ERP,
08/10/2025,ONLINE,P1011,86.0,0.0,0.0,5,ERP,
2025-10-08,ONLINE,P1017,70.0,0.0,0.0,9,ERP,
2025-10-08,ONLINE,P1048,18.0,0.0,1.0,4,ERP,
2025-10-08,ONLINE,p1073,23.0,0.0,0.0,8,ERP,
2025-10-08,ONLINE,P1078,,2.0,0.0,0,ERP,
2025-10-08,ONLINE,P1096,75.0,0.0,,4,ERP,
2025-10-09,S001,P1000,11.0,1.0,0.0,3,ERP,
2025-10-09,S001,P1004,89.0,2.0,1.0,6,ERP,
2025-10-09,S001,P1009,49.0,2.0,1.0,5,ERP,
2025-10-09,S001,P1045,24.0,,1.0,1,ERP,
2025-10-09,S001,P1046,3.0,2.0,1.0,10,ERP,
2025/10/09,S001,P1050,41.0,0.0,0.0,4,ERP,
2025-10-09,S002,P1047,24.0,1.0,1.0,5,ERP,
2025-10-09,S002,P1064,8.0,0.0,0.0,4,ERP,
2025-10-09,S002,P1066,78.0,0.0,2.0,10,ERP,
2025-10-09,S002,P1077,73.0,1.0,0.0,8,ERP,
2025-10-09,S002,P1095,89.0,0.0,0.0,5,ERP,
2025-10-09,S003,p1005,72.0,2.0,0.0,5,ERP,
09/10/2025,S003,P1022,19.0,1.0,0.0,5,ERP,
2025-10-09,S003,P1024,151.0,2.0,0.0,2,ERP,
2025-10-09,S3,P1066,47.0,2.0,1.0,3,ERP,
2025-10-09,S3,P1067,14.0,5.0,0.0,2,ERP,
2025-10-09,S003,P1080,48.0,0.0,1.0,3,ERP,
2025-10-09,S003,P1089,23.0,0.0,0.0,8,ERP,
2025-10-09,S003,P1090,2.0,0.0,1.0,5,ERP,
2025-10-09,S003,P1096,43.0,3.0,2.0,7,ERP,
2025-10-09,S003,P1097,45.0,5.0,3.0,4,ERP,
2025-10-09,S003,P1098,-8.0,4.0,0.0,9,ERP,
2025-10-09,S003,P1030,31.0,1.0,0.0,5,ERP,
2025-10-09,S004,P1002,124.0,2.0,0.0,4,ERP,
2025-10-09,S004,P1030,49.0,0.0,3.0,2,ERP,
2025-10-09,S004,P1059,20.0,1.0,0.0,0,ERP,
2025/10/09,S004,P1066,10.0,,1.0,1,ERP,
2025-10-09,S004,P1067,34.0,1.0,1.0,10,ERP,
2025-10-09,S004,P1072,42.0,2.0,2.0,6,ERP,
2025-10-09,S004,P1088,69.0,2.0,0.0,4,ERP,
2025-10-09,S005,P1000,8.0,0.0,0.0,1,ERP,
2025-10-09,S005,P1013,0.0,0.0,0.0,5,ERP,
2025-10-09,S005,P1076,46.0,1.0,0.0,5,ERP,
2025-10-09,ONLINE,P1001,50.0,0.0,2.0,5,ERP,
2025-10-09,ONLINE,P1009,57.0,2.0,0.0,5,ERP,
09/10/2025,ONLINE,P1020,84.0,0.0,0.0,0,ERP,
09/10/2025,ONLINE,P1023,115.0,0.0,0.0,10,ERP,
09/10/25,ONLINE,P1042,105.0,0.0,0.0,5,ERP,
2025-10-09,ONLINE,P1047,48.0,2.0,0.0,2,ERP,
2025-10-09,ONLINE,P1048,18.0,1.0,0.0,1,ERP,
2025-10-09,ONLINE,P1060,86.0,0.0,1.0,10,ERP,
2025-10-09,ONLINE,P1073,29.0,1.0,1.0,3,ERP,
2025-10-09,ONLINE,P1077,67.0,1.0,1.0,4,ERP,
2025-10-09,ONLINE,P1095,108.0,2.0,0.0,5,ERP,
2025-10-10,S001,P1002,153.0,2.0,2.0,8,ERP,
2025-10-10,S001, P1012,52.0,1.0,0.0,4,ERP,
2025-10-10,S001,P1054,33.0,2.0,1.0,4,ERP,
2025-10-10,S001,P1093,21.0,0.0,3.0,4,ERP,
10/10/25,S001,P1098,78.0,3.0,1.0,3,ERP,
2025-10-10,S002,P1029,119.0,0.0,1.0,1,ERP,
2025-10-10,S002,P1039,88.0,0.0,0.0,7,ERP,
2025-10-10,S002,P1041,63.0,1.0,0.0,5,ERP,
2025-10-10,S002,P1051,59.0,1.0,0.0,2,ERP,
10/10/2025,S002,P1052,16.0,3.0,0.0,0,ERP,
2025-10-10,S002,p1067,11.0,0.0,1.0,8,ERP,
2025-10-10,S002,P1069,42.0,1.0,0.0,5,ERP,
2025-10-10,S002,P1076,26.0,1.0,0.0,6,ERP,
2025-10-10,S002,P1090,19.0,0.0,3.0,5,ERP,
10/10/25,S003,P1007,79.0,3.0,1.0,2,ERP,
2025-10-10,S003,P1015,31.0,0.0,0.0,0,ERP,
2025-10-10,S003,P1057,65.0,1.0,3.0,7,ERP,
2025-10-10,S003,P1068,14.0,1.0,1.0,9,ERP,
2025-10-10,S003,P1072,112.0,2.0,1.0,4,ERP,
2025-10-10,S003,P1082,8.0,2.0,0.0,5,ERP,
2025-10-10,S004,P1024,22.0,1.0,0.0,2,ERP,
2025-10-10,S004,P1046,52.0,1.0,0.0,10,ERP,
2025-10-10,S004,P1048,18.0,0.0,1.0,5,ERP,
2025-10-10,S004,P1049,35.0,2.0,,3,ERP,
2025-10-10,S004,P1081 ,19.0,3.0,2.0,2,ERP,
2025-10-10,S004,P1085,20.0,2.0,0.0,4,ERP,
2025-10-10,S005,P1004,46.0,1.0,0.0,9,ERP,
2025-10-10,S005, P1012,41.0,1.0,1.0,10,ERP,
2025-10-10,S005,P1016,69.0,0.0,2.0,10,ERP,
2025-10-10,S005,p1018,18.0,2.0,1.0,7,ERP,
2025-10-10,S005,P1030,33.0,1.0,1.0,1,ERP,
2025-10-10,S005,P1041,141.0,1.0,2.0,5,ERP,
2025-10-10,S005,P1053,41.0,1.0,0.0,5,ERP,
2025-10-10,ONLINE,SKU-1019,129.0,0.0,1.0,5,ERP,
2025-10-10,ONLINE,P1032,98.0,0.0,0.0,1,ERP,
2025-10-10,ONLINE,P1049,77.0,1.0,0.0,10,ERP,
2025-10-10,ONLINE,P1059,26.0,1.0,2.0,5,ERP,
2025-10-10,ONLINE,P1063,25.0,0.0,1.0,0,ERP,
10/10/2025,ONLINE,P1070,52.0,1.0,0.0,5,ERP,
2025-10-10,ONLINE,P1073,24.0,0.0,0.0,0,ERP,
2025-10-10,ONLINE,P1074,14.0,0.0,0.0,4,ERP,
2025-10-11,S001,P1053,20.0,2.0,0.0,3,ERP,
11/10/25,S002,P1062,11.0,0.0,0.0,10,ERP,
2025/10/11,S003,P1011,62.0,1.0,0.0,10,ERP,
2025-10-11,S003,P1084,42.0,0.0,3.0,8,ERP,
2025-10-11 21:31:13,S004,SKU-1019,34.0,1.0,0.0,3,ERP,
2025-10-11,S004,P1022,9.0,2.0,1.0,3,ERP,
2025-10-11,S004,P1026,35.0,1.0,0.0,10,ERP,
11 de octubre de 2025,S004,P1035,53.0,1.0,2.0,0,ERP,
2025-10-11,S004,P1052,0.0,0.0,0.0,0,ERP,
2025-10-11,S004,P1086,,1.0,0.0,8,ERP,
2025-10-11,S005,P1001,1.0,1.0,0.0,2,ERP,
2025-10-11,S005,P1048,60.0,1.0,0.0,3,ERP,
2025-10-11,S005,P1095,58.0,3.0,0.0,5,ERP,
2025-10-11,ONLINE,P1013,29.0,3.0,0.0,7,ERP,
2025-10-11,ONLINE,P1015,100.0,2.0,0.0,9,ERP,
2025-10-11,S003 ,P1060,88.0,1.0,1.0,3,ERP,
2025-10-11,ONLINE,P1065,34.0,1.0,0.0,1,ERP,
2025-10-11,ONLINE,P1093,38.0,1.0,0.0,0,ERP,
2025/10/11,ONLINE,P1097,22.0,1.0,1.0,5,ERP,
2025-10-12,S001,P1006,50.0,2.0,0.0,7,ERP,
12/10/2025,S001, P1007,67.0,1.0,0.0,4,ERP,
2025-10-12,S1,P1038,71.0,0.0,1.0,9,ERP,
2025-10-12,S001,P1080,138.0,2.0,1.0,7,ERP,
2025-10-12,S002,P1018,29.0,3.0,0.0,8,ERP,
2025-10-12,S002,P1078,30.0,1.0,1.0,0,ERP,
2025-10-12,S002,P1097,12.0,1.0,2.0,2,ERP,
2025-10-12,S003,P1006,58.0,1.0,0.0,5,ERP,
2025-10-12,S003,P1032,53.0,0.0,1.0,5,ERP,
2025-10-12,S003,P1040,104.0,0.0,1.0,9,ERP,
12/10/2025,S003,P1044,4.0,0.0,1.0,10,ERP,
2025-10-12,S003,P1054,57.0,0.0,0.0,5,ERP,
2025-10-12,S003,P1075,57.0,2.0,1.0,9,ERP,
2025-10-12,S003,P1077,30.0,0.0,0.0,7,ERP,
2025-10-12,S004, P1012,40.0,1.0,0.0,5,ERP,
2025-10-12,S004,P1017,16.0,2.0,1.0,10,ERP,
2025-10-12,S004,P1030,47.0,1.0,1.0,2,ERP,
2025-10-12,S004,P1036,43.0,2.0,1.0,3,ERP,
2025-10-12,S004,P1043,40.0,0.0,0.0,4,ERP,
12 de octubre de 2025,S004,P1048,14.0,0.0,0.0,1,ERP,
2025-10-12,S004,P1066,12.0,2.0,0.0,1,ERP,
2025-10-12,S004,P1076,107.0,0.0,0.0,9,ERP,
2025-10-12, ONLINE,P1086,2.0,0.0,0.0,2,ERP,
2025-10-12,S005,P1010,26.0,0.0,0.0,3,ERP,
2025-10-12,S005,P1020,62.0,1.0,1.0,0,ERP,
2025-10-12,S005,P1072,20.0,0.0,0.0,0,ERP,
2025-10-12,S005,P1080,33.0,0.0,0.0,6,ERP,
2025-10-12,ONLINE,P1011,82.0,0.0,0.0,7,ERP,
2025-10-12,ONLINE,P1025,,1.0,2.0,7,ERP,
2025-10-12,ONLINE,P1026,43.0,5.0,1.0,9,ERP,
2025-10-12,ONLINE,P1029,84.0,2.0,1.0,7,ERP,
2025-10-12,ONLINE,P1052,18.0,1.0,1.0,5,ERP,
2025-10-12,S03,P1055,73.0,1.0,0.0,10,ERP,
2025-10-12,ONLINE,P1094,51.0,1.0,0.0,10,ERP,
2025-10-12 00:37:35,ONLINE,P1030,68.0,2.0,0.0,4,ERP,
2025-10-13,S001,P1002,153.0,1.0,0.0,5,ERP,
2025-10-13,S001,P1028,41.0,2.0,0.0,1,ERP,
2025-10-13,S001,P1038,73.0,1.0,1.0,4,ERP,
13/10/25,S001,P1070,15.0,1.0,0.0,3,ERP,
2025-10-13,S001,P1084,37.0,1.0,2.0,10,ERP,
2025-10-13,S002,P1004,57.0,0.0,1.0,0,ERP,
2025-10-13,S002,p1005,76.0,1.0,1.0,6,ERP,
2025-10-13,S002,,65.0,0.0,1.0,9,ERP,
2025-10-13,S002,P1030,24.0,2.0,0.0,4,ERP,
2025-10-13,S002,P1064,9.0,0.0,0.0,5,ERP,
2025-10-13,S002,P1065,10.0,2.0,0.0,2,ERP,
2025-10-13,S003,P1034,74.0,2.0,1.0,6,ERP,
2025-10-13,S003,P1065,13.0,0.0,2.0,1,ERP,
2025-10-13,S004,P1000,28.0,2.0,0.0,1,ERP,
2025-10-13,S004,P1015,86.0,0.0,1.0,6,ERP,
2025-10-13,S004,P1030,48.0,0.0,0.0,0,ERP,
2025-10-13,S004,P1087,-3.0,1.0,0.0,9,ERP,
2025-10-13,S005,P1009,61.0,2.0,,4,ERP,
2025-10-13,S005,P1029,97.0,0.0,2.0,10,ERP,
2025-10-13,S005,P1033,62.0,1.0,0.0,8,ERP,
2025-10-13,S005,P1056,52.0,0.0,0.0,3,ERP,
2025-10-13,S005,P1057,59.0,1.0,0.0,8,ERP,
2025-10-13,s001,P1074,46.0,0.0,1.0,2,ERP,
2025-10-13,S005, P1076,,2.0,,0,ERP,
2025-10-13,S005,P1081,17.0,1.0,0.0,8,ERP,
2025-10-13,ONLINE,p1005,87.0,0.0,2.0,0,ERP,
2025-10-13,ONLINE,P1008,107.0,1.0,0.0,9,ERP,
13/10/2025,ONLINE, P1012,66.0,2.0,0.0,8,ERP,
2025-10-13,ONLINE,P1013,30.0,3.0,0.0,10,ERP,
2025-10-13,ONLINE,P1018,100.0,1.0,0.0,5,ERP,
2025-10-13,ONLINE,SKU-1019,134.0,2.0,1.0,4,ERP,
13 de octubre de 2025,ONLINE,P1025,57.0,2.0,0.0,5,ERP,
2025-10-13,ONLINE,P1038,57.0,0.0,2.0,2,ERP,
2025-10-13,ONLINE,P1047,48.0,0.0,0.0,3,ERP,
2025-10-13,ONLINE,P1050,37.0,0.0,1.0,4,ERP,
2025-10-13,S01,P1061,156.0,3.0,2.0,9,ERP,
2025-10-13,ONLINE,P1068,144.0,1.0,0.0,9,ERP,
2025-10-14,S001,P1001,76.0,1.0,0.0,3,ERP,
2025-10-14,S001,P1044,89.0,,0.0,7,ERP,
2025-10-14,S002,P1008,82.0,1.0,1.0,3,ERP,
2025-10-14,S002,P1020,95.0,0.0,0.0,9,ERP,
2025-10-14,S002,P1049,78.0,0.0,0.0,5,ERP,
2025-10-14,S002,P1050,21.0,1.0,0.0,1,ERP,
2025-10-14,S002,P1064,8.0,2.0,0.0,3,ERP,
2025-10-14,S002,P1087,43.0,2.0,0.0,9,ERP,
2025-10-14,s002,P1028,11.0,1.0,1.0,10,ERP,
2025-10-14 13:10:29,S003,P1041,25.0,1.0,0.0,0,ERP,
2025-10-14,S003,P1063,18.0,0.0,0.0,4,ERP,
2025-10-14,S003,P1077,24.0,1.0,1.0,0,ERP,
2025-10-14,S004,P1060,89.0,2.0,0.0,10,ERP,
2025-10-14,S004,P1086,0.0,0.0,2.0,0,ERP,
14 de octubre de 2025,S004,p1098,11.0,1.0,1.0,10,ERP,
2025-10-14,S005,P1021,1.0,1.0,2.0,8,ERP,
2025-10-14,S005,P1052,3.0,1.0,0.0,0,ERP,
14 de octubre de 2025,S005,P1092,9.0,0.0,1.0,0,ERP,
2025-10-14,S005,P1096,30.0,1.0,4.0,7,ERP,
2025-10-14,ONLINE,p1007,49.0,0.0,0.0,2,ERP,
2025-10-14,ONLINE,P1024,57.0,0.0,1.0,0,ERP,
2025-10-14,ONLINE,P1044,78.0,0.0,1.0,7,ERP,
2025-10-14,ONLINE,p1066,139.0,2.0,1.0,6,ERP,
14/10/2025,ONLINE,P1069,35.0,2.0,1.0,5,ERP,
2025-10-14,ONLINE,P1076,33.0,0.0,1.0,1,ERP,
2025-10-14,ONLINE,P1088,30.0,4.0,0.0,8,ERP,
2025-10-15,S001,P1047,21.0,1.0,0.0,2,ERP,
2025-10-15,S001,P1060,59.0,0.0,0.0,2,ERP,
2025-10-15,S001,P1067,26.0,0.0,1.0,8,ERP,
2025-10-15,S001,P1075,42.0,0.0,1.0,6,ERP,
2025/10/15,S02,P1062,17.0,1.0,2.0,0,ERP,
2025-10-15,S2,P1080,72.0,1.0,3.0,4,ERP,
2025-10-15,S003,P1026,66.0,1.0,0.0,9,ERP,
2025-10-15,S003,P1042,16.0,1.0,0.0,1,ERP,
2025-10-15,S003,P1048,0.0,0.0,1.0,5,ERP,
2025-10-15,S003,P1092,14.0,0.0,0.0,5,ERP,
15/10/2025,S003,P1030,28.0,1.0,3.0,4,ERP,
2025-10-15,S004,P1040,0.0,0.0,0.0,2,ERP,
15 de octubre de 2025,S004,P1050,6.0,1.0,1.0,5,ERP,
2025-10-15,S004,P1051,37.0,0.0,0.0,9,ERP,
2025-10-15,S004,P1086,0.0,0.0,1.0,0,ERP,
2025-10-15,S005,P1077,116.0,1.0,0.0,0,ERP,
2025-10-15,S005,P1095,62.0,3.0,0.0,4,ERP,
2025-10-15,S005,P1098,150.0,1.0,1.0,5,ERP,
2025-10-15 13:26:29,ONLINE,p1003,157.0,1.0,0.0,0,ERP,
2025-10-15,ONLINE,P1004,142.0,2.0,0.0,8,ERP,
2025-10-15,ONLINE,P1015,97.0,1.0,0.0,9,ERP,
2025-10-15,ONLINE,P1023,109.0,,0.0,7,ERP,
2025-10-15,ONLINE,P1031,41.0,0.0,1.0,4,ERP,
2025-10-15,ONLINE,P1033,133.0,1.0,1.0,3,ERP,
2025-10-15 08:13:42,ONLINE,P1051,73.0,1.0,0.0,4,ERP,
2025-10-15,,P1052,18.0,2.0,0.0,5,ERP,
2025-10-15,ONLINE,P1053,43.0,1.0,1.0,8,ERP,
2025-10-15,ONLINE,P1056,-2.0,0.0,0.0,6,ERP,
2025-10-15,ONLINE,P1068,139.0,1.0,0.0,8,ERP,
32/10/2025,ONLINE,P1071,23.0,3.0,0.0,6,ERP,
2025-10-15,ONLINE,P1077,66.0,1.0,1.0,0,ERP,
2025-10-15 20:44:35,ONLINE,P1082,28.0,3.0,2.0,6,ERP,
2025-10-15,ONLINE,P1087,65.0,0.0,0.0,10,ERP,
2025-10-15,ONLINE,P1091,41.0,0.0,2.0,7,ERP,
15/10/25,ONLINE,P1096,74.0,1.0,1.0,6,ERP,
2025-10-16,S001,P1039,17.0,2.0,0.0,6,ERP,
2025-10-16,S001,P1040,66.0,3.0,1.0,0,ERP,
2025-10-16,S001,P1059,29.0,1.0,0.0,0,ERP,
16/10/25,S001,P1085,32.0,1.0,0.0,0,ERP,
2025-10-16,S001,P1095,17.0,2.0,0.0,9,ERP,
2025-10-16,S002,P1002,64.0,0.0,1.0,4,ERP,
2025-10-16,S002,SKU-1019,41.0,0.0,0.0,6,ERP,
2025/10/16,S002,P1023,120.0,1.0,2.0,6,ERP,
2025-10-16,S002,P1055,152.0,2.0,0.0,10,ERP,
2025-10-16,S2,P1058,50.0,1.0,0.0,9,ERP,
2025-10-16,S002,P1061,59.0,1.0,0.0,7,ERP,
2025-10-16,S002,P1074,23.0,0.0,1.0,1,ERP,
2025-10-16,S003,P1001,73.0,2.0,1.0,6,ERP,
2025-10-16,S003,P1004,71.0,1.0,0.0,5,ERP,
2025-10-16 04:15:47,S003,P1015,26.0,1.0,2.0,5,ERP,
2025-10-16,S003,P1039,124.0,1.0,1.0,6,ERP,
2025-10-16,S003,P1040,105.0,1.0,0.0,10,ERP,
2025-10-16,S004,P1008,19.0,1.0,0.0,5,ERP,
2025-10-16,S004,P1015,81.0,0.0,1.0,0,ERP,
2025-10-16,S004,P1032,155.0,3.0,0.0,5,ERP,
2025-10-16,S004,P1037,16.0,0.0,1.0,8,ERP,
2025-10-16,S004,P1098,11.0,1.0,0.0,4,ERP,
2025-10-16,S005,P1059,24.0,0.0,1.0,5,ERP,
2025-10-16,S005,P1062,13.0,0.0,0.0,0,ERP,
2025-10-16,ONLINE,P1001,45.0,0.0,1.0,6,ERP,
2025-10-16,ONLINE,P1006,58.0,1.0,1.0,1,ERP,
16/10/25,ONLINE,P1020,80.0,0.0,,4,ERP,
2025-10-16,ONLINE,P1050,38.0,0.0,1.0,1,ERP,
2025-10-16,ONLINE,P1054,54.0,2.0,1.0,9,ERP,
2025-10-16,ONLINE,P1059,23.0,0.0,1.0,2,ERP,
2025-10-16,ONLINE,P1068,139.0,0.0,1.0,0,ERP,
2025-10-16,ONLINE,P1074,10.0,0.0,1.0,1,ERP,
2025-10-16 14:15:55,ONLINE,P1078,19.0,2.0,0.0,1,ERP,
2025-10-16,ONLINE,P1098,96.0,3.0,0.0,7,ERP,
2025-10-17,S001,P1008,68.0,2.0,2.0,2,ERP,
2025-10-17,S001,P1038,67.0,1.0,0.0,4,ERP,
2025-10-17,S001,P1040,63.0,1.0,0.0,4,ERP,
2025/10/17,S001,P1045,25.0,1.0,0.0,0,ERP,
2025-10-17,S001,P1058,16.0,1.0,1.0,7,ERP,
2025-10-17,S001,P1077,96.0,0.0,1.0,6,ERP,
17/10/25,S001,P1089,106.0,0.0,2.0,5,ERP,
2025-10-17,S001,P1094,59.0,0.0,0.0,1,ERP,
2025-10-17,S002,P1031,35.0,4.0,0.0,1,ERP,
2025-10-17,S002,P1039,140.0,1.0,0.0,5,ERP,
2025-10-17,S002,P1054,25.0,2.0,1.0,5,ERP,
2025-10-17,S002,P1065,,0.0,0.0,1,ERP,
2025-10-17,S002,P1099,25.0,2.0,0.0,4,ERP,
2025-10-17,S003,P1000,43.0,1.0,2.0,5,ERP,
2025-10-17,S003,P1027,88.0,2.0,0.0,1,ERP,
2025-10-17,S003,P1044,8.0,2.0,0.0,0,ERP,
17/10/2025,S003,P1062,19.0,,0.0,5,ERP,
2025-10-17,S01,P1094,18.0,0.0,1.0,8,ERP,
2025-10-17,S004,P1002,198.0,2.0,0.0,8,ERP,
2025-10-17,S004,P1057,20.0,4.0,3.0,1,ERP,
2025-10-17,S004,P1063,0.0,0.0,0.0,4,ERP,
2025-10-17,S004,P1080,80.0,2.0,0.0,1,ERP,
2025-10-17,S004,P1081,27.0,1.0,2.0,6,ERP,
2025-10-17,S004,P1082,21.0,0.0,1.0,3,ERP,
2025-10-17,S04,p1005,63.0,1.0,1.0,5,ERP,
2025-10-17,S005,P1010,37.0,2.0,2.0,0,ERP,
2025-10-17,S005,P1027,43.0,1.0,0.0,10,ERP,
2025-10-17,S005,P1030,30.0,0.0,0.0,3,ERP,
2025-10-17,S005,P1078,21.0,1.0,1.0,2,ERP,
2025-10-17,S005,P1085,12.0,0.0,0.0,0,ERP,
2025-10-17,S005,P1091,40.0,0.0,1.0,4,ERP,
2025-10-17, ONLINE,P1056,54.0,1.0,1.0,10,ERP,
2025-10-17,ONLINE,P1060,82.0,0.0,1.0,8,ERP,
17 de octubre de 2025,ONLINE,P1065,31.0,0.0,1.0,2,ERP,
2025-10-18,S001,P1030,35.0,0.0,0.0,5,ERP,
18/10/2025,S001,P1054,33.0,1.0,1.0,6,ERP,
2025-10-18,S001,P1057,45.0,0.0,,0,ERP,
2025-10-18,S001,P1072,33.0,1.0,0.0,7,ERP,
2025-10-18,S002,P1003,46.0,2.0,1.0,1,ERP,
2025-10-18,S002,P1018,23.0,,1.0,7,ERP,
2025-10-18,S002,P1052,14.0,1.0,0.0,2,ERP,
2025-10-18,S002,P1059,16.0,0.0,1.0,5,ERP,
2025-10-18,S002,P1070,121.0,0.0,1.0,7,ERP,
2025-10-18,S003,P1089,16.0,0.0,0.0,0,ERP,
2025-10-18,S004,P1000,26.0,1.0,1.0,5,ERP,
2025-10-18,S004,P1024,21.0,0.0,1.0,7,ERP,
2025-10-18,S004,P1035,52.0,0.0,0.0,4,ERP,
2025-10-18,S004,P1047,10.0,1.0,0.0,2,ERP,
18/10/2025,S005,P1009,61.0,1.0,0.0,1,ERP,
2025-10-18,S005,P1013,40.0,0.0,0.0,7,ERP,
18 de octubre de 2025,S5,P1014,65.0,1.0,0.0,1,ERP,
2025-10-18,S005,P1025,146.0,1.0,0.0,10,ERP,
2025-10-18,S005,P1034,64.0,1.0,1.0,10,ERP,
18/10/2025,S005,P1030,30.0,2.0,0.0,0,ERP,
2025-10-18,ONLINE,P1007,43.0,2.0,2.0,3,ERP,
2025-10-18,ONLINE,P1030,70.0,0.0,0.0,5,ERP,
2025-10-18,ONLINE,P1033,132.0,1.0,0.0,0,ERP,
2025-10-18,ONLINE,P1039,99.0,3.0,0.0,5,ERP,
2025-10-18,ONLINE, P1063,24.0,3.0,0.0,5,ERP,
2025-10-18,ONLINE,P1065,35.0,1.0,1.0,0,ERP,
2025-10-18,ONLINE,P1091,41.0,2.0,1.0,9,ERP,
2025-10-19,S001,P1003,33.0,2.0,0.0,4,ERP,
2025-10-19,S001,P1008,70.0,0.0,0.0,6,ERP,
2025-10-19,S001,P1060,104.0,1.0,2.0,2,ERP,
2025-10-19,S001,P1070,15.0,0.0,1.0,1,ERP,
2025-10-19,S002,p1007,47.0,0.0,1.0,6,ERP,
2025-10-19,S002,P1022,23.0,0.0,0.0,5,ERP,
2025-10-19,S002,P1027,52.0,0.0,0.0,0,ERP,
2025-10-19,S002,P1053,51.0,1.0,1.0,6,ERP,
2025-10-19,S002,P1088,118.0,1.0,0.0,1,ERP,
2025-10-19,S002,P1089,40.0,2.0,1.0,0,ERP,
2025-10-19,S003,P1017,30.0,1.0,0.0,10,ERP,
2025-10-19,S003,P1038,25.0,4.0,0.0,6,ERP,
2025-10-19,S003,P1055,48.0,3.0,3.0,4,ERP,
2025-10-19,S003,P1059,29.0,0.0,2.0,2,ERP,
2025-10-19,S003,P1073,35.0,1.0,0.0,8,ERP,
2025-10-19,S004,P1000,31.0,0.0,0.0,2,ERP,
2025-10-19,S004, P1012,44.0,0.0,2.0,10,ERP,
2025-10-19,S004,P1034,149.0,0.0,0.0,2,ERP,
2025-10-19,S004,P1066,7.0,2.0,1.0,6,ERP,
2025-10-19,S005,P1065,9.0,,0.0,4,ERP,
19/10/2025,S005,P1067,74.0,1.0,0.0,10,ERP,
2025-10-19,S005,P1073,103.0,2.0,1.0,3,ERP,
2025-10-19,S005,P1074,47.0,0.0,1.0,1,ERP,
2025-10-19 01:03:37,S005,P1085,16.0,2.0,0.0,0,ERP,
2025-10-19,S04,P1089,17.0,0.0,0.0,10,ERP,
2025-10-19,S005,P1092,11.0,0.0,0.0,4,ERP,
2025-10-19,ONLINE,P1006,57.0,2.0,1.0,7,ERP,
2025-10-19,ONLINE,P1033,132.0,2.0,2.0,10,ERP,
2025-10-19,ONLINE,p1036,128.0,0.0,0.0,7,ERP,
2025-10-19,ONLINE,P1037,53.0,1.0,2.0,2,ERP,
2025-10-19,ONLINE,P1045,32.0,2.0,0.0,5,ERP,
2025-10-19,ONLINE,P1046,116.0,0.0,1.0,10,ERP,
2025-10-19,ONLINE,P1067,16.0,1.0,2.0,8,ERP,
2025-10-19,ONLINE,P1078,,0.0,0.0,4,ERP,
2025-10-19,ONLINE,P1091,37.0,0.0,0.0,9,ERP,
2025-10-19,ONLINE,P1093,37.0,3.0,0.0,5,ERP,
2025/10/20,S001,P1003,33.0,,0.0,4,ERP,
2025-10-20,S001,P1011,127.0,2.0,1.0,10,ERP,
20/10/25,S001,P1014,77.0,2.0,0.0,6,ERP,
2025-10-20,S001,P1018,97.0,3.0,0.0,2,ERP,
2025-10-20,S001,P1045,25.0,0.0,0.0,5,ERP,
2025-10-20,S001,P1084,37.0,1.0,0.0,5,ERP,
20 de octubre de 2025,S001,P1092,4.0,3.0,0.0,1,ERP,
2025-10-20,S001,P1095,21.0,1.0,1.0,7,ERP,
2025-10-20,S002,P1042,59.0,0.0,0.0,6,ERP,
2025-10-20,S002,P1064,3.0,1.0,1.0,5,ERP,
2025-10-20,S003,P1003,58.0,2.0,2.0,1,ERP,
2025-10-20 16:48:11,S003,P1026,64.0,3.0,0.0,10,ERP,
2025-10-20 02:32:15,S003,P1062,12.0,1.0,1.0,2,ERP,
2025-10-20,S003,P1082,13.0,2.0,2.0,10,ERP,
2025-10-20,S004,P1017,13.0,0.0,1.0,8,ERP,
2025-10-20,S004,P1060,92.0,0.0,1.0,4,ERP,
2025-10-20,S004,P1078,13.0,1.0,2.0,1,ERP,
2025-10-20,S004,P1079,8.0,1.0,0.0,0,ERP,
2025-10-20,S005,P1006,31.0,0.0,2.0,0,ERP,
2025-10-20,S005,P1016,71.0,1.0,0.0,7,ERP,
2025-10-20,ONLINE,P1013,28.0,1.0,0.0,10,ERP,
2025-10-20,ONLINE,P1015,101.0,0.0,1.0,9,ERP,
2025-10-20,ONLINE,P1017,65.0,0.0,0.0,5,ERP,
2025-10-20,ONLINE,P1023,108.0,2.0,0.0,9,ERP,
2025-10-20,ONLINE,P1029,87.0,0.0,1.0,3,ERP,
2025-10-20,ONLINE,P1035,81.0,2.0,1.0,5,ERP,
2025-10-20,ONLINE,P1039,100.0,2.0,1.0,5,ERP,
2025-10-20,ONLINE,P1060,80.0,1.0,1.0,7,ERP,
2025-10-20,ONLINE,P1067,13.0,2.0,2.0,2,ERP,
2025-10-20,ONLINE,P1071,38.0,0.0,2.0,9,ERP,
2025-10-20,ONLINE,P1086,16.0,1.0,0.0,3,ERP,
2025-10-21 11:38:16,S001,P1021,68.0,1.0,0.0,3,ERP,
2025-10-21,S001,P1031,41.0,2.0,1.0,4,ERP,
2025-10-21,S001,P1036,56.0,1.0,0.0,8,ERP,
2025-10-21,S001,P1045,20.0,1.0,3.0,5,ERP,
2025-10-21,S001,P1053,19.0,1.0,2.0,5,ERP,
2025-10-21,S001,P1062,50.0,1.0,0.0,10,ERP,
2025-10-21,S001,P1081,62.0,0.0,1.0,2,ERP,
2025-10-21,S002,P1000,33.0,1.0,0.0,0,ERP,
2025-10-21,S002,P1028,113.0,0.0,0.0,3,ERP,
2025-10-21,S002,P1047,21.0,0.0,2.0,5,ERP,
2025-10-21,S002,P1066,116.0,0.0,1.0,2,ERP,
2025-10-21,S002,P1087 ,41.0,2.0,1.0,6,ERP,
2025-10-21,S002,P1093,56 uds,1.0,0.0,3,ERP,
2025-10-21,S05,P1016,,3.0,0.0,0,ERP,
2025-10-21 14:40:53,S003,SKU-1019,51.0,1.0,1.0,2,ERP,
2025-10-21,S003,P1059,26.0,2.0,2.0,5,ERP,
,S003,P1076,174.0,0.0,1.0,4,ERP,
2025-10-21,S003,P1030,29.0,1.0,0.0,4,ERP,
2025-10-21,S004,P1043,36.0,0.0,1.0,5,ERP,
2025-10-21,S004,P1056,61.0,1.0,0.0,1,ERP,
21/10/2025,S004,P1058,46.0,0.0,1.0,4,ERP,
2025-10-21,S005,P1013,,0.0,0.0,3,ERP,
2025-10-21,S005,P1029,96.0,2.0,0.0,6,ERP,
2025-10-21,ONLINE,P1011,80.0,0.0,0.0,3,ERP,
2025-10-21,S03,P1022,33.0,2.0,1.0,5,ERP,
2025-10-21,ONLINE,P1025,60.0,0.0,0.0,2,ERP,
21 de octubre de 2025,ONLINE,P1045,,0.0,0.0,5,ERP,
2025-10-21,ONLINE,P1061,154.0,2.0,1.0,8,ERP,
2025-10-21,ONLINE,P1063,25.0,2.0,0.0,3,ERP,
2025-10-22,S001,P1009,48.0,0.0,2.0,6,ERP,
2025-10-22,S001,P1024,30.0,0.0,1.0,10,ERP,
2025-10-22,S001,P1029,58.0,2.0,0.0,8,ERP,
2025-10-22,S001,P1055,10.0,0.0,0.0,8,ERP,
2025-10-22,S002,P1004,56.0,0.0,1.0,3,ERP,
2025-10-22,S002,P1031,36.0,2.0,0.0,4,ERP,
2025-10-22,S002,P1043,58.0,1.0,2.0,1,ERP,
2025-10-22,S002,P1089,40.0,0.0,0.0,0,ERP,
22/10/25,S002,P1092,15.0,0.0,1.0,5,ERP,
2025-10-22,S003,P1021,40.0,2.0,3.0,5,ERP,
22/10/25,S003,P1040,107.0,0.0,0.0,2,ERP,
2025-10-22,S003,P1050,54.0,1.0,1.0,4,ERP,
2025-10-22,S003,P1059,27.0,4.0,0.0,2,ERP,
2025-10-22,S003,P1067,18.0,2.0,3.0,3,ERP,
2025-10-22,S003,P1069,31.0,3.0,1.0,1,ERP,
2025-10-22,S003,P1077,25.0,1.0,0.0,1,ERP,
2025-10-22,S004,p1031,0.0,0.0,0.0,5,ERP,
2025-10-22 07:08:32,S004,P1057,20.0,1.0,1.0,8,ERP,
2025-10-22,S004,P1068,40.0,2.0,0.0,7,ERP,
2025-10-22,S005,P1023,79.0,2.0,0.0,7,ERP,
2025-10-22,ONLINE,P1010,33.0,0.0,0.0,4,ERP,
22 de octubre de 2025,ONLINE,P1023,106.0,0.0,2.0,6,ERP,
2025-10-22,ONLINE,P1041,72.0,2.0,0.0,3,ERP,
2025-10-22,ONLINE,P1052,19.0,0.0,0.0,5,ERP,
2025-10-22,ONLINE,P1055,72.0,0.0,0.0,3,ERP,
2025-10-22,ONLINE,P1073,23.0,2.0,3.0,8,ERP,
2025-10-22,ONLINE,P1076,37.0,1.0,0.0,6,ERP,
2025-10-23,S001,P1011,127.0,1.0,0.0,7,ERP,
2025-10-23,S001,P1014,81.0,0.0,0.0,1,ERP,
2025-10-23,S001,P1049,21.0,2.0,2.0,9,ERP,
23/10/2025,S001,P1083,27.0,0.0,0.0,5,ERP,
2025-10-23,S002,P1024,20.0,2.0,2.0,7,ERP,
2025-10-23,S002,P1034,79.0,3.0,0.0,0,ERP,
23 de octubre de 2025,S002,P1047,18.0,3.0,1.0,1,ERP,
2025-10-23,S002,P1063,41.0,2.0,1.0,0,ERP,
2025-10-23,S003,P1007,79.0,0.0,0.0,7,ERP,
2025-10-23,S003,P1059,32.0,5.0,1.0,1,ERP,
2025-10-23,S004,P1003,37.0,0.0,1.0,3,ERP,
2025-10-23 20:32:38,S004,P1032,160.0,0.0,1.0,8,ERP,
2025-10-23,S004,P1063,0.0,0.0,1.0,5,ERP,
2025-10-23,S004,P1092,43.0,0.0,0.0,1,ERP,
23/10/25,S005,P1013,37.0,1.0,0.0,1,ERP,
2025-10-23,S005,P1024,105.0,1.0,2.0,9,ERP,
2025-02-30,S005,P1081,15.0,0.0,2.0,9,ERP,
2025-10-23,ONLINE,p1005,101.0,2.0,1.0,7,ERP,
2025-10-23,ONLINE,P1007,47.0,1.0,0.0,0,ERP,
2025-10-23,ONLINE,P1028,46.0,0.0,0.0,10,ERP,
2025-10-23,ONLINE,P1044,98.0,1.0,0.0,3,ERP,
2025-10-23,ONLINE,P1065,31.0,,0.0,4,ERP,
23/10/25,ONLINE,P1083,73.0,1.0,0.0,2,ERP,
23/10/25,ONLINE,p1085,9.0,0.0,4.0,5,ERP,
2025-10-23,ONLINE,P1087,60.0,0.0,0.0,8,ERP,
2025-10-23,ONLINE,P1095,103.0,0.0,1.0,1,ERP,
2025-10-24,S001,SKU-1019,44.0,0.0,1.0,9,ERP,
2025-10-24,S001,P1057,47.0,1.0,0.0,9,ERP,
2025-10-24,S001,P1064,30.0,1.0,0.0,4,ERP,
32/10/2025,S002,P1036,37.0,0.0,0.0,1,ERP,
2025-10-24,S002,P1069,39.0,0.0,0.0,1,ERP,
2025-10-24,S003,P1052,15.0,0.0,0.0,2,ERP,
2025-10-24,S003,P1066,44.0,0.0,1.0,4,ERP,
2025-10-24,S003,P1067,18.0,2.0,0.0,10,ERP,
2025-10-24,S003,P1030,,0.0,1.0,3,ERP,
2025-10-24,S004,P1010,10.0,0.0,0.0,5,ERP,
2025-10-24,S004,P1026,30.0,1.0,0.0,8,ERP,
2025-10-24,S004,P1037,15.0,1.0,1.0,9,ERP,
2025-10-24,S004,P1061,40.0,0.0,0.0,6,ERP,
2025-10-24,S004,P1087,102.0,1.0,1.0,4,ERP,
2025-10-24,S004,P1098,41.0,0.0,0.0,1,ERP,
2025-10-24,S005,P1013,39.0,0.0,1.0,3,ERP,
2025-10-24,S005,P1063,0.113,0.0,0.0,2,ERP,
2025-10-24,S03,P1090,-6.0,1.0,2.0,4,ERP,
2025-10-24,ONLINE,P1004,140.0,3.0,0.0,6,ERP,
2025-10-24,ONLINE,P1006,56.0,1.0,1.0,6,ERP,
2025-10-24,ONLINE,P1018,113.0,4.0,0.0,8,ERP,
2025-10-24,ONLINE,P1040,71.0,1.0,2.0,2,ERP,
2025-10-24,ONLINE,P1041,77.0,1.0,2.0,6,ERP,
2025-10-24,ONLINE,P1050,40.0,0.0,1.0,2,ERP,
2025-10-24,ONLINE,P1062,100.0,1.0,2.0,10,ERP,
2025-10-24,ONLINE,P1082,23.0,3.0,2.0,2,ERP,
2025-10-24,ONLINE,P1085,9.0,1.0,3.0,0,ERP,
2025-10-25,S001,P1000,31.0,1.0,0.0,5,ERP,
2025-10-25,S001,P1015,,0.0,2.0,0,ERP,
2025-10-25,S001,P1039,90.0,0.0,2.0,2,ERP,
2025-10-25,S001,P1051,32.0,5.0,1.0,6,ERP,
2025-10-25,S001,P1060,100.0,3.0,1.0,2,ERP,
2025-10-25,S001,P1081,60.0,1.0,2.0,4,ERP,
2025-10-25,S002,p1005,76.0,0.0,1.0,4,ERP,
2025-10-25,S002,P1029,116.0,1.0,1.0,1,ERP,
2025-10-25,S002,P1037,73.0,3.0,1.0,10,ERP,
25/10/25,S002,P1041,54.0,2.0,0.0,1,ERP,
2025-10-25,S002,P1083,0.0,0.0,1.0,1,ERP,
2025-10-25,S003,P1011,63.0,0.0,0.0,0,ERP,
2025-10-25,S003,P1021,44.0,0.0,0.0,8,ERP,
2025-10-25,S004,P1011,98.0,0.0,1.0,1,ERP,
2025-10-25,S004,P1014,0.0,0.0,0.0,2,ERP,
2025-10-25,S004,P1083,3.0,2.0,2.0,9,ERP,
2025-10-25,S004,P1095,76.0,1.0,0.0,8,ERP,
2025-10-25 18:12:45,S005,P1004,46.0,0.0,3.0,7,ERP,
2025-10-25,S005,P1029,94.0,4.0,1.0,10,ERP,
2025-10-25,S005,P1061,146.0,0.0,0.0,0,ERP,
2025-10-25,ONLINE,P1006,57.0,2.0,0.0,9,ERP,
2025-10-25,ONLINE,P1016,73.0,1.0,2.0,0,ERP,
2025-10-25,ONLINE,P1017,-10.0,2.0,0.0,2,ERP,
2025-10-25,ONLINE,P1041,75.0,1.0,2.0,1,ERP,
2025-10-25,ONLINE,P1044,99.0,2.0,1.0,10,ERP,
2025-10-25,ONLINE,P1055,83.0,2.0,0.0,5,ERP,
2025-10-25,ONLINE,P1061,156.0,1.0,1.0,6,ERP,
2025-10-25,ONLINE,P1066,134.0,2.0,2.0,4,ERP,
2025-10-25,ONLINE,P1098,92.0,0.0,0.0,8,ERP,
2025-10-26,S001,P1011,121.0,2.0,0.0,7,ERP,
2025-10-26,S001,P1047,31.0,1.0,1.0,3,ERP,
2025-10-26,S001,P1071,,0.0,0.0,7,ERP,
2025-10-26,S001,P1073,9.0,0.0,2.0,9,ERP,
2025-10-26,S001,P1084,37.0,1.0,1.0,5,ERP,
2025-10-26,S001,P1087,3.0,2.0,0.0,5,ERP,
2025-10-26,S002,p1005,75.0,2.0,1.0,2,ERP,
2025-10-26,S002,P1007,46.0,0.0,2.0,3,ERP,
2025-10-26,S002,P1028,112.0,1.0,1.0,5,ERP,
2025-10-26,S002,P1029,113.0,3.0,0.0,10,ERP,
2025-10-26,S002,P1077,72.0,3.0,2.0,4,ERP,
2025-10-26,S002,P1084,167.0,0.0,0.0,0,ERP,
2025-10-26,S002,P1086,68.0,2.0,0.0,2,ERP,
2025-10-26,S002,P1089,38.0,0.0,0.0,6,ERP,
2025-10-26 12:42:41,S003,P1018,66.0,0.0,1.0,10,ERP,
2025-10-26,S003,P1028,4.0,1.0,0.0,3,ERP,
2025-10-26,S003,P1030,26.0,5.0,0.0,5,ERP,
2025/10/26,S003,P1040,145.0,2.0,1.0,7,ERP,
26/10/2025,S004,P1045,14.0,1.0,0.0,3,ERP,
2025-10-26,S004,P1089,89.0,0.0,0.0,10,ERP,
2025-10-26,S004,P1099,70.0,1.0,0.0,4,ERP,
2025-10-26,S005,P1027,45.0,1.0,0.0,0,ERP,
2025-10-26,S005,P1046,78.0,1.0,0.0,7,ERP,
2025-10-26,S005,P1055,34.0,1.0,2.0,4,ERP,
2025-10-26,S005,P1056,49.0,0.0,2.0,9,ERP,
26/10/2025,S005,P1057,103.0,1.0,0.0,0,ERP,
2025-10-26,S005,P1072,22.0,1.0,1.0,1,ERP,
2025-10-26,ONLINE,P1017,64.0,,1.0,7,ERP,
2025-10-26,ONLINE,P1022,33.0,1.0,2.0,0,ERP,
2025-10-26,ONLINE, P1029,,3.0,0.0,3,ERP,
2025-10-26,ONLINE,P1040,75.0,0.0,1.0,6,ERP,
2025-10-26,ONLINE,P1044,97.0,1.0,0.0,10,ERP,
2025-10-26,ONLINE,P1047,45.0,0.0,1.0,4,ERP,
2025-10-26,ONLINE,P1049,78.0,0.0,0.0,3,ERP,
26 de octubre de 2025,ONLINE,P1052,25.0,0.0,1.0,3,ERP,
2025-10-26,ONLINE,p1069,35.0,0.0,0.0,2,ERP,
2025-10-27,S001,P1020,46.0,1.0,0.0,10,ERP,
2025-10-27,S001,P1041,47.0,1.0,0.0,2,ERP,
2025-10-27,S001,P1042,78.0,4.0,0.0,4,ERP,
2025-10-27,S001,P1068,21.0,2.0,1.0,10,ERP,
2025-10-27,S001,P1071,22.0,1.0,1.0,4,ERP,
2025-10-27,S001,P1084,38.0,1.0,3.0,9,ERP,
27/10/25,S001,P1097,48.0,0.0,0.0,4,ERP,
27/10/25,S002,P1014,99.0,1.0,3.0,4,ERP,
2025-10-27,S002,P1052,30.0,2.0,0.0,2,ERP,
2025-10-27,S002,P1058,50.0,2.0,3.0,2,ERP,
2025-10-27,S003,P1039,1.749,1.0,0.0,10,ERP,
2025-10-27,S003,P1047,60.0,0.0,0.0,1,ERP,
2025-10-27,S003,P1048,0.0,0.0,0.0,0,ERP,
2025-10-27,S004,P1036,44.0,4.0,1.0,9,ERP,
2025-10-27,S004,P1044,24.0,3.0,0.0,7,ERP,
27 de octubre de 2025,S004,P1070,76.0,0.0,0.0,10,ERP,
2025-10-27,S004,P1083,2.0,1.0,0.0,10,ERP,
2025-10-27,S004,P1094,56.0,1.0,0.0,6,ERP,
27/10/25,S005,P1014,64.0,1.0,0.0,1,ERP,
2025-10-27,S005,P1045,0.0,0.0,0.0,2,ERP,
2025-10-27,S005,P1046,80.0,0.0,0.0,0,ERP,
2025-10-27,S005,P1062,15.0,2.0,3.0,9,ERP,
2025-10-27, ONLINE,P1000,16.0,1.0,0.0,3,ERP,
2025-10-27,ONLINE,P1016,71.0,3.0,2.0,2,ERP,
2025-10-27,ONLINE,P1023,107.0,1.0,3.0,0,ERP,
2025-10-27,ONLINE,P1032,102.0,3.0,1.0,6,ERP,
2025-10-27,ONLINE,P1035,,0.0,2.0,0,ERP,
2025-10-27,ONLINE,P1077,61.0,1.0,2.0,5,ERP,
2025-10-27,ONLINE,P1078,17.0,2.0,0.0,3,ERP,
2025-10-27,ONLINE,P1086,52.0,0.0,1.0,2,ERP,
2025-10-27,ONLINE,P1099,34.0,4.0,1.0,1,ERP,
28/10/2025,S001,P1026,31.0,0.0,0.0,6,ERP,
2025-10-28,S001,P1030,38.0,0.0,0.0,3,ERP,
2025-10-28,S001,P1037,115.0,0.0,0.0,7,ERP,
2025-10-28,S001,P1055,8.0,1.0,1.0,2,ERP,
2025-10-28,S001,P1086,58.0,0.0,0.0,0,ERP,
2025-10-28,S002,P1046,90.0,1.0,,8,ERP,
2025-10-28,S002,P1073,54.0,2.0,0.0,4,ERP,
2025-10-28,S003, P1012,49.0,0.0,1.0,1,ERP,
2025-10-28,S003,P1023,69.0,0.0,0.0,9,ERP,
2025-10-28,S003,P1091,70.0,0.0,,10,ERP,
2025-10-28,S004,P1040 ,0.0,0.0,1.0,10,ERP,
2025-10-28,S004,P1046,46.0,4.0,,9,ERP,
2025-10-28 07:14:08,S004,P1076,145.0,1.0,2.0,4,ERP,
2025-10-28,S004,P1079,3.0,3.0,1.0,9,ERP,
2025-10-28,S005,P1001,1.0,0.0,0.0,0,ERP,
2025-10-28,S005,P1033,72.0,2.0,1.0,5,ERP,
2025-10-28,S005,P1051,43.0,1.0,0.0,4,ERP,
2025-10-28,S005,P1060,1.178,0.0,1.0,4,ERP,
2025-10-28,S005,P1071,52.0,0.0,0.0,2,ERP,
2025-10-28,S005,P1073,104.0,,1.0,2,ERP,
2025-10-28,ONLINE,P1004,138.0,2.0,1.0,0,ERP,
2025-10-28,ONLINE,P1023,110.0,0.0,,0,ERP,
2025-10-28,ONLINE,P1033,126.0,0.0,2.0,10,ERP,
2025-10-28,ONLINE,P1069,35.0,0.0,2.0,0,ERP,
2025-10-28,ONLINE,P1070,106.0,4.0,0.0,4,ERP,
2025-10-28,ONLINE,P1072,48.0,2.0,0.0,5,ERP,
28/10/2025,ONLINE,P1075,165.0,0.0,1.0,4,ERP,
2025-10-29,S001,SKU-1019,45.0,1.0,0.0,7,ERP,
2025-10-29,S001,P1036,48.0,1.0,2.0,8,ERP,
2025-10-29,S001,P1065,2.0,0.0,0.0,2,ERP,
2025-10-29,S001,P1069,22.0,1.0,2.0,1,ERP,
2025-10-29,S002,P1017,60.0,0.0,0.0,2,ERP,
2025-10-29,S002,P1068,59.0,0.0,2.0,0,ERP,
2025-10-29,S002,P1086,71.0,3.0,0.0,7,ERP,
29 de octubre de 2025,S002,P1091,78.0,1.0,0.0,8,ERP,
29/10/2025,S003,P1009,96.0,1.0,1.0,3,ERP,
2025-10-29,S003,P1026,107.0,1.0,0.0,6,ERP,
2025-10-29,S003,P1083,32.0,2.0,0.0,8,ERP,
2025-10-29,S003,P1098,44.0,0.0,1.0,7,ERP,
2025-10-29,S004,P1011,97.0,1.0,1.0,8,ERP,
2025-10-29,S004,P1022,,0.0,0.0,3,ERP,
2025-10-29,S004,P1048,19.0,2.0,0.0,0,ERP,
2025-10-29,S004,P1052,12.0,0.0,0.0,2,ERP,
2025-10-29,S004,P1057,18.0,0.0,0.0,6,ERP,
2025-10-29,S005,P1066,18.0,0.0,1.0,6,ERP,
2025-10-29,S005,P1091,64.0,0.0,1.0,3,ERP,
2025-10-29,ONLINE,P1007,47.0,3.0,0.0,9,ERP,
2025-10-29,ONLINE,P1008,106.0,1.0,0.0,2,ERP,
2025-10-29,ONLINE,P1068,144.0,3.0,0.0,6,ERP,
2025-10-29,ONLINE,P1095,99.0,1.0,0.0,4,ERP,
2025-10-30,S001,P1050,36.0,0.0,2.0,3,ERP,
2025-10-30,S002,P1003,43.0,1.0,1.0,3,ERP,
2025-10-30,S002,P1088,126.0,0.0,2.0,0,ERP,
2025-10-30,S003,P1001,82.0,1.0,2.0,5,ERP,
2025-10-30,S003,P1044,8.0,0.0,3.0,2,ERP,
2025-10-30,S003,P1047,61.0,0.0,2.0,5,ERP,
2025-10-30,S003,P1067,22.0,0.0,0.0,10,ERP,
2025-10-30,S003,P1094,-3.0,0.0,1.0,7,ERP,
30/10/2025,S004,P1028,207.0,1.0,0.0,1,ERP,
2025-10-30,S004,P1035,51.0,1.0,0.0,5,ERP,
2025-10-30,S004,P1080,83.0,2.0,0.0,3,ERP,
30 de octubre de 2025,s001,P1008,8.0,1.0,0.0,3,ERP,
2025-10-30,S005,P1033,69.0,2.0,0.0,9,ERP,
2025-10-30 02:54:14,S005,P1073,106.0,0.0,0.0,0,ERP,
2025-10-30,S005,P1084,43.0,0.0,0.0,6,ERP,
2025-10-30,ONLINE,P1030,69.0,1.0,1.0,4,ERP,
2025/10/30,ONLINE,P1034,164.0,1.0,2.0,8,ERP,
2025-10-30,ONLINE,P1035 ,80.0,1.0,0.0,1,ERP,
2025-10-30,ONLINE,P1042,105.0,1.0,0.0,8,ERP,
2025-10-30,ONLINE,P1045,33.0,1.0,0.0,1,ERP,
2025-10-31,S001,P1059,-8.0,1.0,1.0,3,ERP,
2025-10-31,S001,P1071,21.0,0.0,0.0,6,ERP,
2025-10-31,S001,P1086,58.0,1.0,1.0,7,ERP,
2025-10-31,S1,P1093,33.0,4.0,0.0,5,ERP,
2025/10/31,S002,P1002,115.0,1.0,0.0,4,ERP,
2025-10-31,S002,SKU-1019,41.0,1.0,0.0,9,ERP,
2025-10-31,S002,P1043,60.0,1.0,3.0,0,ERP,
2025-10-31,S003,P1013,43.0,2.0,0.0,3,ERP,
2025-10-31,S003,P1030,30.0,0.0,1.0,1,ERP,
2025-10-31,S003,P1071,71.0,2.0,0.0,3,ERP,
2025-10-31,,P1072,111.0,1.0,0.0,5,ERP,
31 de octubre de 2025,S003,P1075,53.0,1.0,1.0,4,ERP,
2025-10-31,S004,P1017,14.0,1.0,1.0,3,ERP,
2025-10-31,S004,P1034,204.0,0.0,0.0,4,ERP,
2025-10-31,S004,P1054,25.0,1.0,2.0,1,ERP,
2025-10-31,S004,P1063,0.0,0.0,1.0,5,ERP,
31/10/2025,S004,P1064,25.0,3.0,0.0,0,ERP,
31 de octubre de 2025,S005,P1006,111.0,3.0,0.0,6,ERP,
2025-10-31,S005,P1018,47.0,3.0,0.0,8,ERP,
2025-10-31,S005,P1038,123.0,2.0,0.0,2,ERP,
2025-10-31 09:15:03,S005,P1065,9.0,1.0,3.0,5,ERP,
2025-10-31,S005,P1076,115.0,1.0,2.0,2,ERP,
31/10/25,ONLINE,P1010,39.0,0.0,2.0,5,ERP,
31 de octubre de 2025,ONLINE,P1011,79.0,3.0,1.0,1,ERP,
2025-10-31,ONLINE,P1014,46 uds,2.0,0.0,8,ERP,
2025-10-31,ONLINE,P1041,72.0,0.0,2.0,1,ERP,
2025-10-31,ONLINE,P1051,89.0,0.0,1.0,4,ERP,
2025-10-31,s002,P1062,101.0,1.0,1.0,7,ERP,
2025-10-31,ONLINE,P1065,30.0,2.0,1.0,4,ERP,
2025-10-31,ONLINE,P1067,16.0,1.0,1.0,2,ERP,
2025-10-31,ONLINE,P1076,34.0,1.0,1.0,2,ERP,
2025-10-31,ONLINE,P1081,50.0,2.0,1.0,2,ERP,
2025-10-31,ONLINE,P1082,22.0,2.0,2.0,5,ERP,
2025-10-31,S04,P1095,100.0,2.0,2.0,3,ERP,
2025-10-09,S004,P1088,71,2.0,0.0,4,ERP,DUPLICADO (carga repetida)
2025-09-04,S005,P1071,17,2.0,0.0,1,ERP,DUPLICADO (carga repetida)
18/09/25,S005,P1057,60,1.0,0.0,6,ERP,DUPLICADO (carga repetida)
2025-09-17,ONLINE,P1015,102,1.0,1.0,2,ERP,DUPLICADO (carga repetida)
2025-10-17,S003,P1044,9,2.0,0.0,0,ERP,DUPLICADO (carga repetida)
2025-10-07,S002,P1021,56,1.0,1.0,3,ERP,DUPLICADO (carga repetida)
2025-09-03,S003,P1091,14,0.0,0.0,8,ERP,DUPLICADO (carga repetida)
2025-09-08,ONLINE,P1078,27.0,1.0,0.0,0,ERP,DUPLICADO (carga repetida)
2025-10-12,S004,P1036,43.0,2.0,1.0,3,ERP,DUPLICADO (carga repetida)
2025-10-03,ONLINE,P1008,112.0,1.0,0.0,2,ERP,DUPLICADO (carga repetida)
2025-10-26,S001,P1071,,0.0,0.0,7,ERP,DUPLICADO (carga repetida)
20/10/25,S001,P1014,77.0,2.0,0.0,6,ERP,DUPLICADO (carga repetida)
2025-09-11,S003,P1047,24.0,0.0,0.0,0,ERP,DUPLICADO (carga repetida)
2025-09-05,S002,P1090,19.0,0.0,0.0,0,ERP,DUPLICADO (carga repetida)
2025-09-07,S002,P1027,67.0,1.0,0.0,6,ERP,
29/10/2025,S003,P1009,96.0,1.0,1.0,3,ERP,
2025-10-03,S005,P1091,46.0,1.0,1.0,0,ERP,
2025-10-11,S004,P1086,,1.0,0.0,8,ERP,
2025-09-15,S002,P1014,51.0,0.0,2.0,2,ERP,
2025-10-12,ONLINE,P1052,18.0,1.0,1.0,5,ERP,
2025-10-09,ONLINE,P1009,57.0,2.0,0.0,5,ERP,
2025-09-11,S005,P1086,23.0,2.0,0.0,5,ERP,
2025-10-10,S004,P1024,22.0,1.0,0.0,2,ERP,
2025-09-17,ONLINE,P1096,77.0,0.0,0.0,3,ERP,
2025-10-01,S003 ,P1036,36.0,0.0,1.0,4,ERP,
2025-09-15,ONLINE,P1079,116.0,2.0,0.0,2,ERP,
2025-09-05,S004,P1020,56.0,3.0,0.0,5,ERP,
2025-10-16,ONLINE,P1068,139.0,0.0,1.0,0,ERP,
2010-05-05,S006,P1079,5,2,0,3,ERP,registro_fuera_rango
2030-01-01,S002,P1003,0,,5,3,ERP,registro_fuera_rango
2026-02-15,ONLINE,P1089,0,0,5,3,ERP,registro_fuera_rango
2026-02-15,S006,P1089,0,,0,,ERP,registro_fuera_rango
2010-05-05,ONLINE,P1067,,,,,ERP,registro_fuera_rango
2026-02-15,S002,P1095,10,,,3,ERP,registro_fuera_rango
2030-01-01,S003,P1056,10,2,,0,ERP,registro_fuera_rango
2099-12-31,S002,P9999,5,0,5,,ERP,registro_fuera_rango
2026-02-15,S003,P1069,-3,,,0,ERP,registro_fuera_rango
2026-02-15,S006,P1048,-3,,,3,ERP,registro_fuera_rango
